,song_dir,difficulty,steps_type,name,grade,score,percentdp,surviveseconds,maxcombo,stageaward,peakcomboaward,modifiers,datetime,playerguid,machineguid,productid,liferemainingseconds,disqualified,pad,stageguid,guid,tapnotescores_hitmine,tapnotescores_avoidmine,tapnotescores_checkpointmiss,tapnotescores_miss,tapnotescores_w5,tapnotescores_w4,tapnotescores_w3,tapnotescores_w2,tapnotescores_w1,tapnotescores_checkpointhit,holdnotescores_letgo,holdnotescores_held,holdnotescores_missedhold,radarvalues_stream,radarvalues_voltage,radarvalues_air,radarvalues_freeze,radarvalues_chaos,radarvalues_notes,radarvalues_tapsandholds,radarvalues_jumps,radarvalues_holds,radarvalues_mines,radarvalues_hands,radarvalues_rolls,radarvalues_lifts,radarvalues_fakes
0,Songs/DDR A20 PLUS/Midnight Amaretto/,Medium,dance-single,,Failed,30024405,0.2871,78.376266,63,,,"C460, 25% Mini, FailImmediateContinue, Overhead, Midi-note",2026-02-14 10:09:23,efa9a15652015a30,f7817f83ce0be4cf,1,0.0,0,33,adb80235-6e25-4bf2-a8ca-32f772bffcf4,e34f7c30-0eb9-43bb-af9e-e927dcd67b81,0,0,0,21,6,11,116,47,61,0,3,22,0,0.433099,0.244639,0.590909,0.88,0.287108,257.0,236,19,22,0,0,0,0,0
1,Songs/DDR A20 PLUS/Midnight Amaretto/,Medium,dance-single,,Tier13,79620344,0.6808,105.605774,65,,,"C520, FailImmediateContinue, Overhead, Midi-note",2026-02-14 10:09:23,2cac3940801bbb6e,f7817f83ce0be4cf,1,0.0,0,33,adb80235-6e25-4bf2-a8ca-32f772bffcf4,f7a200b2-b6c5-4153-a794-f315da37dff6,0,0,0,8,2,2,66,77,107,0,3,22,0,0.707747,0.209101,0.636364,0.88,0.680836,274.0,252,22,22,0,0,0,0,0
2,Songs/Jubo 2022 OtakuVibes/KICK BACK [Chainsaw Man OP]/,Medium,dance-single,,Tier14,74654821,0.64,92.431129,84,,,"C460, 25% Mini, FailImmediateContinue, Overhead, Midi-note",2026-02-14 10:15:04,efa9a15652015a30,f7817f83ce0be4cf,1,0.0,0,33,13fa020a-4f43-468b-a658-65cdf198d539,910ea2ac-10f4-4ad6-a740-d0ce2702e98a,0,0,0,5,8,7,76,59,105,0,0,15,0,0.635338,0.306669,0.833333,1.0,0.64,253.0,247,6,15,0,0,0,0,0
3,Songs/Jubo 2022 OtakuVibes/KICK BACK [Chainsaw Man OP]/,Medium,dance-single,,Tier12,85543873,0.7563,92.431129,125,,,"C520, FailImmediateContinue, Overhead, Midi-note",2026-02-14 10:15:04,2cac3940801bbb6e,f7817f83ce0be4cf,1,0.0,0,33,13fa020a-4f43-468b-a658-65cdf198d539,144e5dcf-f256-4876-a42a-e2263fa98ee3,0,0,0,3,0,5,63,70,119,0,0,15,0,0.733083,0.46375,0.666667,1.0,0.756364,263.0,257,6,15,0,0,0,0,0
4,Songs/DDR A/Koishigure/,Medium,dance-single,,Failed,915,0.0,11.595005,61,,,"C460, 25% Mini, FailImmediateContinue, Overhead, Midi-note",2026-02-14 10:21:25,efa9a15652015a30,f7817f83ce0be4cf,1,0.0,0,33,b34bf006-f09d-420b-a39c-5350de7156cc,7dfdc898-3b17-4bd8-a7db-2b88dd0da59d,0,0,0,170,0,3,77,19,18,0,0,16,2,0.129747,0.162668,0.172414,0.888889,0.0,130.0,117,13,16,0,0,0,0,0
5,Songs/DDR A/Koishigure/,Medium,dance-single,,Tier14,70318661,0.6511,108.055382,123,,,"C520, FailImmediateContinue, Overhead, Midi-note",2026-02-14 10:21:25,2cac3940801bbb6e,f7817f83ce0be4cf,1,0.0,0,33,b34bf006-f09d-420b-a39c-5350de7156cc,c2352cbe-f36d-4540-a38c-bbc77a04debf,0,0,0,4,2,7,108,83,83,0,0,18,0,0.588608,0.409304,0.724138,1.0,0.651148,309.0,281,27,18,0,0,0,0,0
6,Songs/DDR Supernova/LOVE IS ORANGE/,Medium,dance-single,,Tier14,74125232,0.651,90.207047,88,,,"C460, 25% Mini, FailImmediateContinue, Overhead, Midi-note",2026-02-14 10:24:29,efa9a15652015a30,f7817f83ce0be4cf,1,0.0,0,33,6d8940f7-a2ad-4aec-a8a1-ea85458d4b90,bc183313-56d1-47e4-acce-dae422482799,0,0,0,6,1,6,68,72,63,0,0,26,1,0.622807,0.417349,0.583333,0.962963,0.651029,221.0,209,12,26,0,0,0,0,0
7,Songs/DDR Supernova/LOVE IS ORANGE/,Medium,dance-single,,Tier11,85349801,0.7786,90.207047,122,,,"C520, FailImmediateContinue, Overhead, Midi-note",2026-02-14 10:24:29,2cac3940801bbb6e,f7817f83ce0be4cf,1,0.0,0,33,6d8940f7-a2ad-4aec-a8a1-ea85458d4b90,145d1608-b859-4e65-a05a-556f46ddcda1,0,0,0,2,0,4,48,71,91,0,0,27,0,0.75,0.496862,0.916667,1.0,0.778601,226.0,214,12,27,0,0,0,0,0
8,Songs/DDR Supernova/RED ZONE/,Medium,dance-single,,Tier17,67575149,0.5047,93.104897,74,,,"C460, 25% Mini, FailImmediateContinue, Overhead, Midi-note",2026-02-14 10:27:55,efa9a15652015a30,f7817f83ce0be4cf,1,0.0,0,33,ba835b9f-05b0-4fb7-a363-2485597e3a64,ed4b8d22-b6d6-4352-a39a-1ffe00752ba6,0,0,0,11,7,10,85,55,76,0,0,8,0,0.532847,0.290599,0.533333,1.0,0.504762,254.0,227,28,8,0,0,0,0,0
9,Songs/DDR Supernova/RED ZONE/,Medium,dance-single,,Failed,15294191,0.169,50.509766,48,,,"C520, FailImmediateContinue, Overhead, Midi-note",2026-02-14 10:27:55,2cac3940801bbb6e,f7817f83ce0be4cf,1,0.0,0,33,ba835b9f-05b0-4fb7-a363-2485597e3a64,c60cb978-77e6-4bf5-a4e9-fb4ff384080b,0,0,0,138,0,2,23,34,47,0,0,0,8,0.317518,0.168329,0.133333,0.0,0.169048,114.0,106,8,0,0,0,0,0,0
10,Songs/Jubo 2023 OtakuVibes/Please please! [Masamune-kun no Revenge R OP]/,Easy,dance-single,,Failed,6302870,0.0,44.083782,8,,,"C250, 25% Mini, FailImmediateContinue, Overhead, Midi-note",2026-02-14 11:12:14,efa9a15652015a30,f7817f83ce0be4cf,1,0.0,0,33,cb747cd8-96ec-4ab0-aa6b-460deb09ea4c,bf4049bd-a0b4-49a4-a7f1-aa8b1ca908ea,0,0,0,24,5,11,17,3,10,0,0,21,4,0.172043,0.07598,0.173913,0.84,0.0,54.0,42,9,21,0,0,0,0,0
11,Songs/Jubo 2023 OtakuVibes/Please please! [Masamune-kun no Revenge R OP]/,Easy,dance-single,,Tier17,66767504,0.5094,94.315132,31,,,"C250, FailImmediateContinue, Overhead, Midi-note",2026-02-14 11:12:14,2cac3940801bbb6e,f7817f83ce0be4cf,1,0.0,0,33,cb747cd8-96ec-4ab0-aa6b-460deb09ea4c,7236d834-ed70-484d-a173-d164d5d242d9,0,0,0,4,3,3,30,12,18,0,0,22,3,0.419355,0.30751,0.434783,0.88,0.509474,85.0,63,23,22,0,0,0,0,0
12,Songs/DDR A20 PLUS/Our Love/,Easy,dance-single,,Failed,719070,0.0,26.324253,13,,,"C250, 25% Mini, FailImmediateContinue, Overhead, Midi-note",2026-02-14 11:22:51,efa9a15652015a30,f7817f83ce0be4cf,1,0.0,0,33,58683b68-d230-479a-a2cb-559e26ba1bef,d9da527d-0e60-4d55-a6ff-0717fd51684c,0,0,0,111,16,22,75,34,51,0,1,24,9,0.264957,0.032891,0.071429,0.705882,0.0,203.0,182,17,24,0,0,0,0,0
13,Songs/DDR A20 PLUS/Our Love/,Easy,dance-single,,Tier16,68056324,0.5813,126.480927,92,,,"C250, FailImmediateContinue, Overhead, Midi-note",2026-02-14 11:22:51,2cac3940801bbb6e,f7817f83ce0be4cf,1,0.0,0,33,58683b68-d230-479a-a2cb-559e26ba1bef,f646bb8e-0cca-4f1a-a5c5-68f55a9fec66,0,0,0,12,2,24,106,54,111,0,0,34,0,0.524217,0.218569,0.452381,1.0,0.581341,336.0,296,41,34,0,0,0,0,0
14,Songs/Jubo 2022 OtakuVibes/KICK BACK [Chainsaw Man OP]/,Medium,dance-single,,Tier16,74592099,0.5665,92.394745,62,,,"C250, FailImmediateContinue, Overhead, Midi-note",2026-02-14 11:31:54,2cac3940801bbb6e,f7817f83ce0be4cf,1,0.0,0,33,567d9ef4-0f09-4426-a609-e5a7e289750d,fd96e4cd-ad81-4a0d-a1d5-081b95330a1d,0,0,0,6,6,9,106,65,68,0,0,15,0,0.503759,0.21432,0.5,1.0,0.566545,254.0,248,6,15,0,0,0,0,0
15,Songs/Jubo 2021 OtakuVibes/LOST IN PARADISE [Jujutsu Kaisen ED][210120]/,Hard,dance-single,,Tier17,52863033,0.3415,95.494957,24,,,"C250, 25% Mini, FailImmediateContinue, Overhead, Midi-note",2026-02-14 11:34:15,efa9a15652015a30,f7817f83ce0be4cf,1,0.0,0,33,1e87d42a-315e-481f-a9b8-8cabe78c903e,f3354923-ca55-4b93-a323-fdf67e622f17,0,0,0,12,13,50,148,42,23,0,0,42,2,0.233766,0.07357,0.5,0.954545,0.341566,280.0,264,19,42,0,0,0,0,0
16,Songs/Jubo 2021 OtakuVibes/LOST IN PARADISE [Jujutsu Kaisen ED][210120]/,Medium,dance-single,,Failed,1984445,0.0,23.799915,33,,,"C250, FailImmediateContinue, Overhead, Midi-note",2026-02-14 11:34:15,2cac3940801bbb6e,f7817f83ce0be4cf,1,0.0,0,33,1e87d42a-315e-481f-a9b8-8cabe78c903e,0d6799eb-43b2-4b5d-a5cf-b2cc833677e7,0,0,0,23,17,12,79,28,17,0,0,21,5,0.24,0.165209,0.166667,0.807692,0.0,150.0,136,16,21,0,0,0,0,0
17,Songs/DDR 1st Mix to EXTREME/butterfly (UPSWING MIX)/,Medium,dance-single,,Tier17,62415366,0.4619,88.807327,57,,,"C250, 25% Mini, FailImmediateContinue, Overhead, Midi-note",2026-02-14 11:37:09,efa9a15652015a30,f7817f83ce0be4cf,1,0.0,0,33,3a8f7a7a-e513-41ee-a704-e0d4b90a27c1,3aa48d7e-6834-431e-a6fa-56e49e84dd12,0,0,0,5,7,15,145,57,42,0,0,0,0,0.366102,0.170864,0.75,0.0,0.461993,282.0,259,23,0,0,0,0,0,0
18,Songs/DDR 1st Mix to EXTREME/butterfly (UPSWING MIX)/,Hard,dance-single,,Failed,335,0.0,9.863018,29,,,"C250, FailImmediateContinue, Overhead, Midi-note",2026-02-14 11:37:09,2cac3940801bbb6e,f7817f83ce0be4cf,1,0.0,0,33,3a8f7a7a-e513-41ee-a704-e0d4b90a27c1,73a9c99b-defd-4333-a0d8-41ec14c3b1bd,0,0,0,265,3,5,31,13,5,0,0,0,0,0.077922,0.074775,0.095238,0.0,0.0,74.0,54,20,0,0,0,0,0,0
19,Songs/[23] DDR A20/Night of Knights (Ryu Remix)/,Beginner,dance-single,,Tier17,22652706,0.0,129.353775,6,,,"C250, 25% Mini, FailImmediateContinue, Overhead, Midi-note",2026-02-14 11:45:41,efa9a15652015a30,f7817f83ce0be4cf,1,0.0,0,33,4635568f-7027-49fd-a751-755005c46611,436f4419-0431-4a55-a904-6e9fcb317925,0,0,0,64,27,40,55,12,6,0,0,2,2,0.086538,0.027067,0.0,0.5,0.0,115.0,113,1,2,0,0,0,0,0
20,Songs/[23] DDR A20/Night of Knights (Ryu Remix)/,Beginner,dance-single,,Tier17,30886498,0.0,129.353775,8,,,"C250, FailImmediateContinue, Overhead, Midi-note",2026-02-14 11:45:41,2cac3940801bbb6e,f7817f83ce0be4cf,1,0.0,0,33,4635568f-7027-49fd-a751-755005c46611,ecefeceb-ea9f-4960-a988-98518c46db72,0,0,0,83,19,14,41,23,24,0,0,3,1,0.230769,0.053718,0.25,0.75,0.0,106.0,102,3,3,0,0,0,0,0
21,Songs/DDR A20 PLUS/Midnight Amaretto/,Medium,dance-single,,Tier15,73378814,0.6069,105.571854,51,,,"C250, 25% Mini, FailImmediateContinue, Overhead, Midi-note",2026-02-14 11:56:35,efa9a15652015a30,f7817f83ce0be4cf,1,0.0,0,33,a2d9d135-45b7-447d-a7d2-792ad6cff448,388c44b7-6889-417c-a41f-17c1175c8bd5,0,0,0,5,6,12,94,66,79,0,1,24,0,0.552817,0.204821,0.636364,0.96,0.606969,272.0,251,22,24,0,0,0,0,0
22,Songs/DDR A20 PLUS/Midnight Amaretto/,Easy,dance-single,,Tier17,60867296,0.3901,105.571854,45,,,"C250, FailImmediateContinue, Overhead, Midi-note",2026-02-14 11:56:35,2cac3940801bbb6e,f7817f83ce0be4cf,1,0.0,0,33,a2d9d135-45b7-447d-a7d2-792ad6cff448,969202b0-360f-4c8d-a27c-f1bd6543e07d,0,0,0,15,3,5,84,44,42,0,0,8,2,0.441176,0.218744,0.363636,0.8,0.390148,185.0,175,9,8,0,0,0,0,0
23,Songs/DDR A20 PLUS/Midnight Amaretto/,Medium,dance-single,,Tier17,63930748,0.5205,105.639915,55,,,"C300, 25% Mini, FailImmediateContinue, Overhead, Midi-note",2026-02-14 12:01:47,efa9a15652015a30,f7817f83ce0be4cf,1,0.0,0,33,eea5dbdc-8d68-4f6c-a5c2-40f27bfb1a4a,445144a7-8ae6-45b5-a6a1-12561528af5c,0,0,0,6,8,17,114,51,66,0,4,21,0,0.454225,0.211423,0.636364,0.84,0.520557,267.0,248,21,21,0,0,0,0,0
24,Songs/DDR A20 PLUS/Midnight Amaretto/,Medium,dance-single,,Failed,25315410,0.1874,78.510399,24,,,"C300, 25% Mini, FailImmediateContinue, Overhead, Midi-note",2026-02-14 12:01:47,2cac3940801bbb6e,f7817f83ce0be4cf,1,0.0,0,33,eea5dbdc-8d68-4f6c-a5c2-40f27bfb1a4a,60df6aeb-2f65-4922-a727-43d8216dfac1,0,0,0,14,30,41,82,48,47,0,0,24,1,0.362676,0.080175,0.545455,0.96,0.187456,238.0,218,19,24,0,0,0,0,0
25,Songs/Jubo 2023 OtakuVibes/Hana ni Natte [Kusuriya no Hitorigoto OP]/,Medium,dance-single,,Tier14,74943131,0.648,95.569176,59,,,"C300, 25% Mini, FailImmediateContinue, Overhead, Midi-note",2026-02-14 12:07:03,2cac3940801bbb6e,f7817f83ce0be4cf,1,0.0,0,33,7175b3b1-8f9a-4929-ad51-902a36469ec8,5f91feae-49f2-4777-a77d-4c0e075c92b4,0,0,0,2,5,6,70,64,50,0,1,30,1,0.590551,0.196548,0.754386,1.0,0.648035,244.0,190,56,26,0,0,4,0,0
26,Songs/SPEIRMIX GALAXY (ITG)/Finesse (Remix)/,Medium,dance-single,,Tier17,60576162,0.374,125.655685,27,,,"C300, 25% Mini, FailImmediateContinue, Overhead, Midi-note",2026-02-14 12:10:14,efa9a15652015a30,f7817f83ce0be4cf,1,0.0,0,33,a09b8dd6-f56a-492f-a2b9-74d0037f7bc7,d759e496-4d3e-4968-ae71-8f5acd5f3a7b,0,0,0,18,13,7,72,58,64,0,0,12,3,0.517787,0.106369,0.52381,0.8,0.374089,220.0,202,17,12,0,0,0,0,0
27,Songs/SPEIRMIX GALAXY (ITG)/Finesse (Remix)/,Easy,dance-single,,Tier17,67357216,0.418,125.655685,23,,,"C300, 25% Mini, FailImmediateContinue, Overhead, Midi-note",2026-02-14 12:10:14,2cac3940801bbb6e,f7817f83ce0be4cf,1,0.0,0,33,a09b8dd6-f56a-492f-a2b9-74d0037f7bc7,9b2b046d-fadc-4587-a511-9bcb6c05f634,0,0,0,10,3,4,50,31,36,0,1,7,2,0.492754,0.160205,0.25,0.7,0.418056,125.0,121,4,7,0,0,0,0,0
28,Songs/DDR SuperNova 2/SUNKiSS DROP~Alison Side~/,Hard,dance-single,,Failed,70704605,0.5546,105.052818,118,,,"C430, 25% Mini, FailImmediateContinue, Overhead, Midi-note",2026-02-14 12:16:50,efa9a15652015a30,f7817f83ce0be4cf,1,0.0,0,33,a1b59454-f5ea-47c2-a78d-e80d36add3e8,94acfd28-c939-407c-aad0-9857793142c3,0,0,0,19,13,11,120,117,142,0,0,23,0,0.609865,0.252019,0.666667,1.0,0.554607,414.0,390,24,23,0,0,0,0,0
29,Songs/Jubo 2021 OtakuVibes/LOST IN PARADISE [Jujutsu Kaisen ED][210120]/,Easy,dance-single,,Failed,1748915,0.0,30.644871,8,,,"C430, 25% Mini, FailImmediateContinue, Overhead, Midi-note",2026-02-14 12:20:26,efa9a15652015a30,f7817f83ce0be4cf,1,0.0,0,33,c18113be-9240-496f-a9ae-af9b124d90c6,59086b9e-9c7b-4879-aaa2-b91069e42837,0,0,0,22,9,13,23,16,17,0,1,20,3,0.322034,0.040057,0.277778,0.833333,0.0,80.0,73,12,20,0,0,0,0,0
30,Songs/Jubo 2021 OtakuVibes/LOST IN PARADISE [Jujutsu Kaisen ED][210120]/,Hard,dance-single,,Tier17,60029150,0.4987,95.462219,91,,,"C300, 25% Mini, FailImmediateContinue, Overhead, Midi-note",2026-02-14 12:20:26,2cac3940801bbb6e,f7817f83ce0be4cf,1,0.0,0,33,c18113be-9240-496f-a9ae-af9b124d90c6,641ea558-0d23-4e29-aada-1a7bffa5eb7e,0,0,0,4,10,25,157,53,39,0,1,43,0,0.324675,0.275736,0.5,0.977273,0.498795,293.0,274,19,43,0,0,0,0,0
31,Songs/Jubo 2021 OtakuVibes/LOST IN PARADISE [Jujutsu Kaisen ED][210120]/,Medium,dance-single,,Failed,129765,0.0,12.014998,5,,,"C400, 25% Mini, FailImmediateContinue, Overhead, Midi-note",2026-02-14 12:25:01,efa9a15652015a30,f7817f83ce0be4cf,1,0.0,0,33,96705dad-f28e-4891-aa97-7116504d817c,a92e60fb-0573-4a61-ad48-e7237b39c8b7,0,0,0,103,11,14,24,14,10,0,0,19,7,0.145,0.021615,0.208333,0.730769,0.0,72.0,67,9,19,0,0,0,0,0
32,Songs/Jubo 2021 OtakuVibes/LOST IN PARADISE [Jujutsu Kaisen ED][210120]/,Hard,dance-single,,Failed,1551030,0.0024,25.484877,18,,,"m300, 25% Mini, FailImmediateContinue, Overhead, Midi-note",2026-02-14 12:25:01,2cac3940801bbb6e,f7817f83ce0be4cf,1,0.0,0,33,96705dad-f28e-4891-aa97-7116504d817c,dc8a9222-555b-491e-a0b0-5735e4d80c0a,0,0,0,45,35,58,89,32,29,0,0,35,9,0.217532,0.049427,0.35,0.795455,0.00241,227.0,209,18,35,0,0,0,0,0
33,Songs/Jubo 2021 OtakuVibes/LOST IN PARADISE [Jujutsu Kaisen ED][210120]/,Easy,dance-single,,Failed,2029950,0.0,36.602779,9,,,"C400, 25% Mini, FailImmediateContinue, Overhead, Midi-note",2026-02-14 12:32:05,efa9a15652015a30,f7817f83ce0be4cf,1,0.0,0,33,e9d4c6e1-8539-4e01-a38c-636559572503,410ea452-92f9-4a3d-a732-2171dd416b29,0,0,0,38,10,13,23,6,10,0,1,14,9,0.177966,0.040577,0.166667,0.583333,0.0,60.0,53,6,14,0,0,0,0,0
34,Songs/Jubo 2021 OtakuVibes/LOST IN PARADISE [Jujutsu Kaisen ED][210120]/,Medium,dance-single,,Failed,232185,0.0,13.009006,4,,,"m300, 25% Mini, FailImmediateContinue, Overhead, Midi-note",2026-02-14 12:32:05,2cac3940801bbb6e,f7817f83ce0be4cf,1,0.0,0,33,e9d4c6e1-8539-4e01-a38c-636559572503,9885c599-827d-4b16-a10c-3fe48f168383,0,0,0,87,22,16,29,9,13,0,0,20,6,0.13,0.017711,0.0,0.769231,0.0,79.0,68,7,20,0,0,0,0,0
35,Songs/DDR SuperNova 2/SUNKiSS DROP~Alison Side~/,Hard,dance-single,,Failed,56134515,0.4008,99.457336,73,,,"C420, 25% Mini, FailImmediateContinue, Overhead, Midi-note",2026-02-14 12:34:53,efa9a15652015a30,f7817f83ce0be4cf,1,0.0,0,33,16819423-ec62-4b2c-a37a-3c35df958e25,47f8cccb-22d8-4a14-a50a-ca2249d50260,0,0,0,36,9,16,153,103,105,0,0,22,1,0.482063,0.152465,0.541667,0.956522,0.400899,401.0,377,24,22,0,0,0,0,0
36,Songs/DDR SuperNova 2/SUNKiSS DROP~Alison Side~/,Easy,dance-single,,Tier16,72159211,0.568,105.639771,77,,,"m300, 25% Mini, FailImmediateContinue, Overhead, Midi-note",2026-02-14 12:34:53,2cac3940801bbb6e,f7817f83ce0be4cf,1,0.0,0,33,16819423-ec62-4b2c-a37a-3c35df958e25,a9ddc0e9-ec03-4ed4-af3b-70a2af63c400,0,0,0,3,3,8,85,53,43,0,0,5,0,0.490099,0.337901,0.714286,1.0,0.568,196.0,189,7,5,0,0,0,0,0
37,Songs/Touhou Fujinya ~ Touhou Pad Pack Rebirth (ITG)/Bad Apple!!/,Medium,dance-single,,Failed,660070,0.0,30.797213,26,,,"C420, 25% Mini, FailImmediateContinue, Overhead, Midi-note",2026-02-14 12:44:29,efa9a15652015a30,f7817f83ce0be4cf,1,0.0,0,33,6c796909-0277-4fee-a6e3-2bd1de423aa1,287448c6-021d-4866-a393-58428792dcf5,0,0,0,134,40,51,131,57,66,0,0,2,0,0.272388,0.028835,0.368421,1.0,0.0,359.0,310,47,2,0,0,0,0,0
38,Songs/Touhou Fujinya ~ Touhou Pad Pack Rebirth (ITG)/Bad Apple!!/,Easy,dance-single,,Failed,259080,0.0,29.932196,19,,,"m300, 25% Mini, FailImmediateContinue, Overhead, Midi-note",2026-02-14 12:44:29,2cac3940801bbb6e,f7817f83ce0be4cf,1,0.0,0,33,6c796909-0277-4fee-a6e3-2bd1de423aa1,ce87d2d9-b343-4c29-ae9d-ed5c30366593,0,0,0,53,22,28,93,34,51,0,0,2,0,0.298611,0.046542,0.0,1.0,0.0,209.0,206,4,2,0,0,0,0,0
39,Songs/[23] DDR A20/Skywalking/,Easy,dance-single,,Failed,7750,0.0,14.264032,11,,,"C300, 25% Mini, FailImmediateContinue, Overhead, Midi-note",2026-02-14 12:49:08,efa9a15652015a30,f7817f83ce0be4cf,1,0.0,0,33,a09d388f-c473-46bd-a929-4093d5864238,60660272-cdb1-42cf-a212-4b5f0d4c0139,0,0,0,82,11,22,76,31,38,0,0,15,1,0.267148,0.028396,0.294118,0.9375,0.0,180.0,168,12,15,0,0,0,0,0
40,Songs/[23] DDR A20/Skywalking/,Medium,dance-single,,Failed,8310,0.0,15.764038,61,,,"C400, 25% Mini, FailImmediateContinue, Overhead, Midi-note",2026-02-14 12:49:08,2cac3940801bbb6e,f7817f83ce0be4cf,1,0.0,0,33,a09d388f-c473-46bd-a929-4093d5864238,c1da2a79-14ee-4d8e-a1fe-ccf57cd62dc0,0,0,0,15,10,33,192,83,73,0,3,9,0,0.373303,0.180799,0.333333,0.75,0.0,416.0,381,31,9,0,0,0,0,0
41,Songs/DDR SuperNova 2/SUNKiSS DROP~Alison Side~/,Hard,dance-single,,Failed,57560,0.0,11.930022,17,,,"C400, 25% Mini, FailImmediateContinue, Overhead, Midi-note",2026-02-14 12:53:28,efa9a15652015a30,f7817f83ce0be4cf,1,0.0,0,33,7e510fd8-4481-4efc-a68b-750280630582,7973dc17-c26b-4507-abcc-767038ac369d,0,0,0,210,17,33,61,55,46,0,0,21,2,0.248879,0.039726,0.375,0.913043,0.0,217.0,197,20,21,0,0,0,0,0
42,Songs/DDR SuperNova 2/SUNKiSS DROP~Alison Side~/,Hard,dance-single,,Tier16,65378129,0.5617,105.68972,170,,,"2.15x, 25% Mini, FailImmediateContinue, Overhead, Midi-note",2026-02-14 12:53:28,2cac3940801bbb6e,f7817f83ce0be4cf,1,0.0,0,33,7e510fd8-4481-4efc-a68b-750280630582,8f6dca42-38d7-43f0-a0a7-d6a63cebafdc,0,0,0,3,1,9,256,100,53,0,0,23,0,0.365471,0.356664,0.541667,1.0,0.561798,442.0,418,24,23,0,0,0,0,0
43,Songs/DDR SuperNova 2/SUNKiSS DROP~Alison Side~/,Hard,dance-single,,Failed,61817460,0.4305,103.703079,107,,,"C420, 25% Mini, FailImmediateContinue, Overhead, Midi-note",2026-02-14 12:57:34,efa9a15652015a30,f7817f83ce0be4cf,1,0.0,0,33,8c1f86fe-05e2-4dfe-a98d-c0ac5792bd05,f5223dbe-10ab-4d48-a43e-b3b8dde28119,0,0,0,29,6,9,169,133,76,0,0,19,4,0.504484,0.210783,0.708333,0.826087,0.430562,409.0,388,19,19,0,0,0,0,0
44,Songs/DDR SuperNova 2/SUNKiSS DROP~Alison Side~/,Hard,dance-single,,Tier15,71908320,0.6098,105.669899,101,,,"m510, 25% Mini, FailImmediateContinue, Overhead, Midi-note",2026-02-14 12:57:34,2cac3940801bbb6e,f7817f83ce0be4cf,1,0.0,0,33,8c1f86fe-05e2-4dfe-a98d-c0ac5792bd05,5af29013-aa5f-4d62-ad5c-d23e98e27034,0,0,0,6,17,17,122,128,132,0,0,23,0,0.621076,0.306649,0.708333,1.0,0.609888,423.0,399,24,23,0,0,0,0,0
45,Songs/Touhou Fujinya ~ Touhou Pad Pack Rebirth (ITG)/Bad Apple!!/,Easy,dance-single,,Failed,2039155,0.0,42.097542,16,,,"C265, 25% Mini, FailImmediateContinue, Overhead, Midi-note",2026-02-14 13:06:25,efa9a15652015a30,f7817f83ce0be4cf,1,0.0,0,33,cfadf49d-6b34-4c5a-abc2-9306112b8acf,db2bca7e-0b34-4d00-a613-caebf21b9896,0,0,0,49,28,37,74,38,55,0,0,2,0,0.329861,0.042089,0.142857,1.0,0.0,209.0,204,4,2,0,0,0,0,0
46,Songs/Touhou Fujinya ~ Touhou Pad Pack Rebirth (ITG)/Bad Apple!!/,Easy,dance-single,,Failed,67625,0.0,26.880142,6,,,"C265, 25% Mini, FailImmediateContinue, Overhead, Midi-note",2026-02-14 13:06:25,2cac3940801bbb6e,f7817f83ce0be4cf,1,0.0,0,33,cfadf49d-6b34-4c5a-abc2-9306112b8acf,73556eff-60ff-4f7e-a991-a67ac4dbeace,0,0,0,173,28,17,36,13,14,0,0,2,0,0.09375,0.044918,0.0,1.0,0.0,84.0,81,3,2,0,0,0,0,0
47,Songs/Jubo 2021 OtakuVibes/LOST IN PARADISE [Jujutsu Kaisen ED][210120]/,Easy,dance-single,,Tier17,57938019,0.3,95.432144,12,,,"C265, 25% Mini, FailImmediateContinue, Overhead, Midi-note",2026-02-14 13:09:48,efa9a15652015a30,f7817f83ce0be4cf,1,0.0,0,33,5b832074-f441-4ee9-adcd-6212cc27d7a7,67be5c1d-ba18-4516-a524-275165e4fcf3,0,0,0,8,10,12,32,22,16,0,1,22,1,0.355932,0.068394,0.388889,0.916667,0.3,97.0,82,12,22,0,0,0,0,0
48,Songs/Jubo 2021 OtakuVibes/LOST IN PARADISE [Jujutsu Kaisen ED][210120]/,Easy,dance-single,,Failed,6364090,0.0,52.265827,12,,,"C265, 25% Mini, FailImmediateContinue, Overhead, Midi-note",2026-02-14 13:09:48,2cac3940801bbb6e,f7817f83ce0be4cf,1,0.0,0,33,5b832074-f441-4ee9-adcd-6212cc27d7a7,b23780ca-29a2-4cc8-adea-a7c89c2631ad,0,0,0,36,10,7,26,10,11,0,0,12,12,0.228814,0.124391,0.333333,0.5,0.0,68.0,59,14,12,0,0,0,0,0
49,Songs/DDR A (more up to date)/Deep tenDon Reflex/,Medium,dance-single,,Failed,40921810,0.3468,97.441483,62,,,"C375, 25% Mini, FailImmediateContinue, Overhead, Midi-note",2026-02-14 13:14:25,efa9a15652015a30,f7817f83ce0be4cf,1,0.0,0,33,60db0fac-0151-4293-acae-09f8e1894c18,d9a40840-34eb-4325-a9c8-49e1e88fe06e,0,0,0,19,2,18,168,93,68,0,0,16,0,0.421951,0.117571,0.380952,1.0,0.346875,387.0,348,40,16,0,0,0,0,0
50,Songs/DDR A (more up to date)/Deep tenDon Reflex/,Easy,dance-single,,Failed,1382035,0.0,30.947367,16,,,"C320, 25% Mini, FailImmediateContinue, Overhead, Midi-note",2026-02-14 13:14:25,2cac3940801bbb6e,f7817f83ce0be4cf,1,0.0,0,33,60db0fac-0151-4293-acae-09f8e1894c18,ab2fb407-b962-48e9-a82a-057465c8d4e1,0,0,0,46,15,19,84,31,26,0,0,8,1,0.264463,0.074353,0.285714,0.888889,0.0,175.0,160,15,8,0,0,0,0,0
51,Songs/DDR A (more up to date)/Deep tenDon Reflex/,Medium,dance-single,,Tier17,66116854,0.4765,114.156044,52,,,"C410, 25% Mini, FailImmediateContinue, Overhead, Midi-note",2026-02-14 13:17:56,efa9a15652015a30,f7817f83ce0be4cf,1,0.0,0,33,901a3858-9b89-4b76-aef8-652396da55e3,47c7b264-f9d2-441c-a64c-ccb131399b5d,0,0,0,14,11,22,152,80,89,0,0,16,0,0.480488,0.12176,0.547619,1.0,0.476563,384.0,345,40,16,0,0,0,0,0
52,Songs/DDR A (more up to date)/Deep tenDon Reflex/,Hard,dance-single,,Tier17,68386317,0.4448,114.156044,51,,,"m510, 25% Mini, FailImmediateContinue, Overhead, Midi-note",2026-02-14 13:17:56,2cac3940801bbb6e,f7817f83ce0be4cf,1,0.0,0,33,901a3858-9b89-4b76-aef8-652396da55e3,596b5e2d-5ccc-4be5-a7ff-1c88caed95f5,0,0,0,43,12,29,162,132,162,0,2,49,2,0.546952,0.077093,0.492537,0.924528,0.444857,547.0,488,59,49,0,0,0,0,0
53,Songs/DDR A (more up to date)/Dance With The Dead/,Medium,dance-single,,Tier16,66191421,0.5532,106.821632,77,,,"C430, 25% Mini, FailImmediateContinue, Overhead, Midi-note",2026-02-14 13:23:42,2cac3940801bbb6e,f7817f83ce0be4cf,1,0.0,0,33,4e041c65-0f2c-4cdb-a523-b0b2a5cc2e5e,4fab6361-ae13-4087-a697-85351138cb0f,0,0,0,9,9,23,109,90,94,0,0,17,0,0.559078,0.200181,0.769231,1.0,0.553276,329.0,316,13,17,0,0,0,0,0
54,Songs/DDR ACE/Alien Alien/,Hard,dance-single,,Failed,1641875,0.0191,29.347189,30,,,"m275, 25% Mini, FailImmediateContinue, Overhead, Midi-note",2026-02-14 13:29:37,efa9a15652015a30,f7817f83ce0be4cf,1,0.0,0,33,2a0ca70e-16bf-438e-a05e-f4816491d7f3,49200754-686d-4404-a64e-a2f7708b1bcb,0,0,0,75,21,52,172,85,79,0,0,32,5,0.348659,0.060436,0.684211,0.864865,0.019194,422.0,390,33,32,0,0,0,0,0
55,Songs/DDR ACE/Alien Alien/,Hard,dance-single,,Tier13,81121384,0.7067,125.938538,140,,,"m510, 25% Mini, FailImmediateContinue, Overhead, Midi-note",2026-02-14 13:29:37,2cac3940801bbb6e,f7817f83ce0be4cf,1,0.0,0,33,2a0ca70e-16bf-438e-a05e-f4816491d7f3,6686cb2c-16e9-40fc-aa06-ffb521f489c3,0,0,0,11,3,4,126,141,199,0,0,36,1,0.706897,0.263428,0.842105,0.972973,0.706718,507.0,470,36,36,0,0,0,0,0
56,Songs/DDR WORLD/Mesmerizer/,Medium,dance-single,,Tier13,81337421,0.7128,126.158493,105,,,"C410, 25% Mini, FailImmediateContinue, Overhead, Midi-note",2026-02-14 13:33:50,efa9a15652015a30,f7817f83ce0be4cf,1,0.0,0,33,223ee273-f52d-4cac-abfb-539874356a5a,a0626fb2-6c03-45d5-ad12-d61b26749259,0,0,0,2,7,10,98,115,145,0,0,20,0,0.688776,0.306263,0.666667,1.0,0.712846,382.0,368,15,20,0,0,0,0,0
57,Songs/DDR WORLD/Mesmerizer/,Beginner,dance-single,,Tier17,68841783,0.461,126.158493,15,,,"m275, 25% Mini, FailImmediateContinue, Overhead, Midi-note",2026-02-14 13:33:50,2cac3940801bbb6e,f7817f83ce0be4cf,1,0.0,0,33,223ee273-f52d-4cac-abfb-539874356a5a,a0afeb8c-6ae3-4100-ae27-feede48ba302,0,0,0,5,0,2,14,17,18,0,0,2,1,0.625,0.282871,0.0,0.666667,0.461017,51.0,51,0,2,0,0,0,0,0
58,Songs/DDR WORLD/Mesmerizer/,Medium,dance-single,,Tier16,68133757,0.5889,126.124382,130,,,"C375, 25% Mini, FailImmediateContinue, Overhead, Midi-note",2026-02-14 13:37:29,efa9a15652015a30,f7817f83ce0be4cf,1,0.0,0,33,e72d2dab-334e-4683-a3c8-3f3264fa0664,61cb928d-cd84-48fc-ac1b-742abcf7b5ec,0,0,0,4,0,9,205,88,71,0,0,20,0,0.415816,0.324215,0.4,1.0,0.588917,387.0,373,15,20,0,0,0,0,0
59,Songs/DDR WORLD/Mesmerizer/,Medium,dance-single,,Tier11,83844414,0.7989,126.124382,274,,,"C405, 25% Mini, FailImmediateContinue, Overhead, Midi-note",2026-02-14 13:37:29,2cac3940801bbb6e,f7817f83ce0be4cf,1,0.0,0,33,e72d2dab-334e-4683-a3c8-3f3264fa0664,0c3c77e4-8a5a-479c-aab6-70ef44d0a774,0,0,0,0,1,2,87,117,170,0,0,20,0,0.757653,0.70281,0.933333,1.0,0.798992,391.0,376,15,20,0,0,0,0,0
60,Songs/Touhou Fujinya ~ Touhou Pad Pack Rebirth (ITG)/Bad Apple!!/,Easy,dance-single,,Tier16,142608889,0.5703,218.516495,50,,,"C250, 25% Mini, FailImmediateContinue, Overhead, Midi-note",2026-02-14 13:42:55,efa9a15652015a30,f7817f83ce0be4cf,1,0.0,0,33,fe140610-7dd5-4c57-a549-3612bcf72368,a02a3486-994b-46c7-ac4f-f6562e8636e8,0,0,0,5,5,17,104,71,79,0,0,2,0,0.538194,0.15171,0.571429,1.0,0.570318,278.0,271,7,2,0,0,0,0,0
61,Songs/Touhou Fujinya ~ Touhou Pad Pack Rebirth (ITG)/Bad Apple!!/,Easy,dance-single,,Failed,286135,0.0,29.931108,16,,,"C250, 25% Mini, FailImmediateContinue, Overhead, Midi-note",2026-02-14 13:42:55,2cac3940801bbb6e,f7817f83ce0be4cf,1,0.0,0,33,fe140610-7dd5-4c57-a549-3612bcf72368,f80ea016-7353-4d17-a0c6-c3777ccb8770,0,0,0,122,9,18,60,28,44,0,0,2,0,0.253472,0.111653,0.142857,1.0,0.0,155.0,150,5,2,0,0,0,0,0
62,Songs/DDR WORLD/Igaku/,Medium,dance-single,,Failed,361055,0.0,23.446863,21,,,"C350, 25% Mini, FailImmediateContinue, Overhead, Midi-note",2026-02-14 13:49:33,efa9a15652015a30,f7817f83ce0be4cf,1,0.0,0,33,c58fe79f-d0c7-4718-ab96-d919fe7752fb,105213b2-ec49-4c05-af64-327f1fa80418,0,0,0,101,21,21,108,51,51,0,0,18,10,0.285714,0.051028,0.24,0.642857,0.0,250.0,231,14,18,0,0,0,0,0
63,Songs/DDR WORLD/Igaku/,Medium,dance-single,,Failed,30640,0.0,16.383984,12,,,"C350, 25% Mini, FailImmediateContinue, Overhead, Midi-note",2026-02-14 13:49:33,2cac3940801bbb6e,f7817f83ce0be4cf,1,0.0,0,33,c58fe79f-d0c7-4718-ab96-d919fe7752fb,f1e22dc5-e6de-46fd-a748-b57d21412823,0,0,0,158,35,29,72,26,33,0,3,17,8,0.171958,0.036797,0.12,0.607143,0.0,177.0,165,12,17,0,0,0,0,0
64,Songs/DDR A (more up to date)/Deep tenDon Reflex/,Medium,dance-single,,Tier10,88992435,0.8093,114.249962,100,,,"C420, 25% Mini, FailImmediateContinue, Overhead, Midi-note",2026-02-14 13:55:39,efa9a15652015a30,f7817f83ce0be4cf,1,0.0,0,33,4c78edf4-24a4-47c2-a602-ca1c8d5e361d,ed1792c1-abdd-4795-a5ae-9f146c1d86a6,0,0,0,2,2,3,63,106,192,0,0,16,0,0.812195,0.273555,0.833333,1.0,0.809375,404.0,364,42,16,0,0,0,0,0
65,Songs/DDR A (more up to date)/Deep tenDon Reflex/,Easy,dance-single,,Tier15,73342260,0.6208,114.249962,55,,,"C250, 25% Mini, FailImmediateContinue, Overhead, Midi-note",2026-02-14 13:55:39,2cac3940801bbb6e,f7817f83ce0be4cf,1,0.0,0,33,4c78edf4-24a4-47c2-a602-ca1c8d5e361d,3f7d0d7e-c37c-4da1-aa4e-13e8489969be,0,0,0,2,5,8,80,67,59,0,0,9,0,0.557851,0.202735,0.428571,1.0,0.62087,233.0,215,20,9,0,0,0,0,0
66,Songs/DDR A (more up to date)/Deep tenDon Reflex/,Medium,dance-single,,Tier11,86820082,0.7671,114.250954,134,,,"C450, 25% Mini, FailImmediateContinue, Overhead, Midi-note",2026-02-14 14:02:27,efa9a15652015a30,f7817f83ce0be4cf,1,0.0,0,33,ffefbcee-c68d-49c6-ae8a-d82baddb81d6,dae35b8b-b11f-4f52-a1f9-178dcd65eedb,0,0,0,5,2,6,68,106,181,0,0,16,0,0.792683,0.344681,0.928571,1.0,0.767187,403.0,361,42,16,0,0,0,0,0
67,Songs/DDR A (more up to date)/Deep tenDon Reflex/,Medium,dance-single,,Tier16,74841339,0.5671,114.250954,52,,,"C545, 25% Mini, FailImmediateContinue, Overhead, Midi-note",2026-02-14 14:02:27,2cac3940801bbb6e,f7817f83ce0be4cf,1,0.0,0,33,ffefbcee-c68d-49c6-ae8a-d82baddb81d6,63e9bd32-e36c-46f0-adb6-45a5b1d64235,0,0,0,25,3,19,61,95,165,0,0,16,0,0.721951,0.156102,0.785714,1.0,0.567187,382.0,341,39,16,0,0,0,0,0
68,Songs/Jubo 2022 OtakuVibes/Dainou-teki na Rendezvous [Chainsaw Man ED6]/,Medium,dance-single,,Tier14,78281661,0.6743,91.17086,50,,,"C250, 25% Mini, FailImmediateContinue, Overhead, Midi-note",2026-02-14 14:12:56,efa9a15652015a30,f7817f83ce0be4cf,1,0.0,0,33,90b8c95d-f84e-4c0e-a94e-6a6d3005f7bc,d4338d5a-ce60-4205-ac34-24bf3f8cb5a8,0,0,0,1,3,1,59,66,35,0,0,18,0,0.597765,0.255405,0.642857,1.0,0.674317,175.0,161,14,18,0,0,0,0,0
69,Songs/Jubo 2022 OtakuVibes/Dainou-teki na Rendezvous [Chainsaw Man ED6]/,Medium,dance-single,,Tier11,88930272,0.7923,91.17086,109,,,"C250, 25% Mini, FailImmediateContinue, Overhead, Midi-note",2026-02-14 14:12:56,2cac3940801bbb6e,f7817f83ce0be4cf,1,0.0,0,33,90b8c95d-f84e-4c0e-a94e-6a6d3005f7bc,9b1dc674-3a55-4682-a916-19fdc5dbaf7a,0,0,0,2,2,1,21,66,73,0,0,18,0,0.832402,0.615805,0.714286,1.0,0.79235,175.0,161,13,18,0,0,0,0,0
70,Songs/DDR WORLD/Kyu-kurarin/,Medium,dance-single,,Tier12,81591112,0.7449,120.664444,141,,,"C250, 25% Mini, FailImmediateContinue, Overhead, Midi-note",2026-02-14 14:16:28,efa9a15652015a30,f7817f83ce0be4cf,1,0.0,0,33,808c6b4e-8d7a-4537-a52d-e92389ae21b2,d852ef48-c12c-4fc9-a962-82d6c055f52b,0,0,0,3,7,1,56,102,107,0,0,40,0,0.758621,0.479182,0.928571,1.0,0.744937,279.0,266,14,40,0,0,0,0,0
71,Songs/DDR WORLD/Kyu-kurarin/,Medium,dance-single,,Tier15,80472397,0.6341,120.664444,56,,,"C250, 25% Mini, FailImmediateContinue, Overhead, Midi-note",2026-02-14 14:16:28,2cac3940801bbb6e,f7817f83ce0be4cf,1,0.0,0,33,808c6b4e-8d7a-4537-a52d-e92389ae21b2,c3fa9b8c-1c1e-48c5-aa84-717b400d41ff,0,0,0,15,8,3,36,112,102,0,0,40,0,0.77931,0.206891,0.857143,1.0,0.634177,265.0,253,13,40,0,0,0,0,0
72,Songs/DDR A3/KING/,Easy,dance-single,,Tier12,83619680,0.7426,120.122658,100,,,"C250, 25% Mini, FailImmediateContinue, Overhead, Midi-note",2026-02-14 14:19:20,efa9a15652015a30,f7817f83ce0be4cf,1,0.0,0,33,f9005f89-564f-48f8-a47c-3bbc256ee7ad,0230d339-aae6-40ad-a2d0-465d862ffa73,0,0,0,0,6,3,49,113,94,0,0,0,0,0.777385,0.363097,0.944444,0.0,0.742642,277.0,259,18,0,0,0,0,0,0
73,Songs/DDR A3/KING/,Easy,dance-single,,Tier09,90504468,0.84,120.122658,156,,,"C250, 25% Mini, FailImmediateContinue, Overhead, Midi-note",2026-02-14 14:19:20,2cac3940801bbb6e,f7817f83ce0be4cf,1,0.0,0,33,f9005f89-564f-48f8-a47c-3bbc256ee7ad,56938329-49b5-428d-af89-24841aa1f678,0,0,0,2,2,2,16,98,145,0,0,0,0,0.911661,0.575199,0.888889,0.0,0.84,279.0,261,17,0,0,0,0,0,0
74,Songs/DDR WORLD/Kyoufuu all back/,Medium,dance-single,,Tier13,74887346,0.6879,135.741776,142,,,"C250, 25% Mini, FailImmediateContinue, Overhead, Midi-note",2026-02-14 14:22:30,efa9a15652015a30,f7817f83ce0be4cf,1,0.0,0,33,93c3f06a-706a-4a12-a869-5abcda14aad5,1b828bfe-e86d-450c-ae95-32783c63d10f,0,0,0,0,4,1,146,120,54,0,0,64,0,0.533333,0.424671,0.65,1.0,0.687918,341.0,321,20,64,0,0,0,0,0
75,Songs/DDR WORLD/Kyoufuu all back/,Hard,dance-single,,Failed,1001495,0.026,25.182125,69,,,"C250, 25% Mini, FailImmediateContinue, Overhead, Midi-note",2026-02-14 14:22:30,2cac3940801bbb6e,f7817f83ce0be4cf,1,0.0,0,33,93c3f06a-706a-4a12-a869-5abcda14aad5,9c30fb2b-3034-4805-a160-c4dcc629a5d7,0,0,0,82,13,14,132,93,137,0,0,20,1,0.492481,0.172893,0.57377,0.952381,0.026016,433.0,378,49,20,0,0,0,0,0
76,Songs/[24] DDR A 20+/Kyousui ichika/,Beginner,dance-single,,Tier17,67054838,0.5489,119.805984,50,,,"C250, 25% Mini, FailImmediateContinue, Overhead, Midi-note",2026-02-14 14:25:14,efa9a15652015a30,f7817f83ce0be4cf,1,0.0,0,33,2d9b46c4-7b47-40c8-a5bf-9bd24355bbbb,e3db8eb2-3105-4f2c-ad68-0c70e10c7337,0,0,0,1,2,6,72,24,19,0,0,13,0,0.328571,0.346728,0.25,1.0,0.548905,136.0,121,15,13,0,0,0,0,0
77,Songs/[24] DDR A 20+/Kyousui ichika/,Beginner,dance-single,,Tier17,48455540,0.0321,119.805984,15,,,"C250, 25% Mini, FailImmediateContinue, Overhead, Midi-note",2026-02-14 14:25:14,2cac3940801bbb6e,f7817f83ce0be4cf,1,0.0,0,33,2d9b46c4-7b47-40c8-a5bf-9bd24355bbbb,40a7daf3-94e0-4ceb-a6fa-3b1bc828b907,0,0,0,17,12,18,45,17,15,0,0,13,0,0.242857,0.083338,0.125,1.0,0.032117,109.0,95,15,13,0,0,0,0,0
78,Songs/DDR WORLD/Kyu-kurarin/,Easy,dance-single,,Tier17,62438538,0.358,120.622673,44,,,"C250, 25% Mini, FailImmediateContinue, Overhead, Midi-note",2026-02-14 14:27:41,efa9a15652015a30,f7817f83ce0be4cf,1,0.0,0,33,ab890f28-c4ac-41ca-a6b3-340b238f9dd9,3555b736-ac18-41a8-a2d9-c22221f27782,0,0,0,13,12,9,53,35,37,0,0,26,1,0.453416,0.306034,0.5,0.962963,0.358065,136.0,134,2,26,0,0,0,0,0
79,Songs/DDR WORLD/Kyu-kurarin/,Easy,dance-single,,Failed,27651925,0.172,92.376259,11,,,"C250, 25% Mini, FailImmediateContinue, Overhead, Midi-note",2026-02-14 14:27:41,2cac3940801bbb6e,f7817f83ce0be4cf,1,0.0,0,33,ab890f28-c4ac-41ca-a6b3-340b238f9dd9,1a9215d0-0121-447a-acf6-aad8b0793bb8,0,0,0,23,8,19,53,21,35,0,1,25,1,0.354037,0.083398,1.0,0.925926,0.172043,130.0,128,2,25,0,0,0,0,0
80,Songs/Jubo 2023 OtakuVibes/Dive Back In Time [Link Click OP]/,Easy,dance-single,,Tier17,48096975,0.252,62.996754,14,,,"C250, 25% Mini, FailImmediateContinue, Overhead, Midi-note",2026-02-14 14:36:12,efa9a15652015a30,f7817f83ce0be4cf,1,0.0,0,33,221b5bb5-f15b-406c-abff-746a43bca978,967bb2fb-bb4c-407d-a5e0-cbab7ac2fab7,0,0,0,4,6,7,25,9,11,0,2,7,2,0.322581,0.130888,0.0,0.636364,0.252055,52.0,52,0,7,0,0,0,0,0
81,Songs/Jubo 2023 OtakuVibes/Dive Back In Time [Link Click OP]/,Easy,dance-single,,Tier17,66008854,0.526,62.996754,17,,,"C250, 25% Mini, FailImmediateContinue, Overhead, Midi-note",2026-02-14 14:36:12,2cac3940801bbb6e,f7817f83ce0be4cf,1,0.0,0,33,221b5bb5-f15b-406c-abff-746a43bca978,60546223-ee6b-42b2-a426-eb6f59b7f431,0,0,0,1,4,5,27,6,19,0,0,11,0,0.403226,0.158121,0.0,1.0,0.526027,57.0,57,0,11,0,0,0,0,0
82,Songs/SPEIRMIX GALAXY (ITG)/The Disappearance of Hatsune Miku/,Easy,dance-single,,Failed,580175,0.0,26.44828,7,,,"C250, 25% Mini, FailImmediateContinue, Overhead, Midi-note",2026-02-14 14:42:34,efa9a15652015a30,f7817f83ce0be4cf,1,0.0,0,33,97189937-ea24-4ae3-a6ad-661442e277b5,3906090e-150c-41e9-a014-1d11b4e51e38,0,0,0,126,42,38,67,20,29,0,0,2,0,0.152239,0.022215,0.153846,1.0,0.0,164.0,156,7,2,0,0,0,0,0
83,Songs/SPEIRMIX GALAXY (ITG)/The Disappearance of Hatsune Miku/,Easy,dance-single,,Failed,243070,0.0,22.431189,12,,,"C250, 25% Mini, FailImmediateContinue, Overhead, Midi-note",2026-02-14 14:42:34,2cac3940801bbb6e,f7817f83ce0be4cf,1,0.0,0,33,97189937-ea24-4ae3-a6ad-661442e277b5,1c86b83d-f03d-4347-ae50-61646da6157c,0,0,0,149,17,18,69,36,33,0,0,2,0,0.214925,0.029856,0.153846,1.0,0.0,163.0,157,6,2,0,0,0,0,0
84,Songs/Touhou Fujinya ~ Touhou Pad Pack Rebirth (ITG)/Bad Apple!!/,Easy,dance-single,,Failed,3983310,0.007,48.297226,39,,,"C250, 25% Mini, FailImmediateContinue, Overhead, Midi-note",2026-02-14 14:47:58,efa9a15652015a30,f7817f83ce0be4cf,1,0.0,0,33,38af38a6-6f30-44ac-ade8-9b350f2bbaf8,1604b594-5abf-4528-a377-3f36f89fcccc,0,0,0,25,15,23,104,52,62,0,1,1,0,0.40625,0.107465,0.428571,0.5,0.007067,248.0,241,6,1,0,0,0,0,0
85,Songs/Touhou Fujinya ~ Touhou Pad Pack Rebirth (ITG)/Bad Apple!!/,Easy,dance-single,,Failed,51401545,0.1802,143.074142,25,,,"C250, 25% Mini, FailImmediateContinue, Overhead, Midi-note",2026-02-14 14:47:58,2cac3940801bbb6e,f7817f83ce0be4cf,1,0.0,0,33,38af38a6-6f30-44ac-ade8-9b350f2bbaf8,36115fc7-834a-4922-ae00-7958192f070c,0,0,0,29,8,19,96,62,67,0,0,2,0,0.454861,0.066146,0.285714,1.0,0.180212,251.0,244,7,2,0,0,0,0,0
86,Songs/Touhou Fujinya ~ Touhou Pad Pack Rebirth (ITG)/Bad Apple!!/,Easy,dance-single,,Tier17,134274142,0.4247,218.617966,59,,,"C250, 25% Mini, FailImmediateContinue, Overhead, Midi-note",2026-02-14 14:54:33,efa9a15652015a30,f7817f83ce0be4cf,1,0.0,0,33,badc6309-e9ad-448a-a770-693420911d1d,a499f72a-e8b8-41a5-af2a-f6eb8ef57f38,0,0,0,23,5,4,89,81,79,0,0,2,0,0.576389,0.173265,0.857143,1.0,0.424735,260.0,253,7,2,0,0,0,0,0
87,Songs/Touhou Fujinya ~ Touhou Pad Pack Rebirth (ITG)/Bad Apple!!/,Easy,dance-single,,Tier14,162100600,0.6706,218.617966,154,,,"C250, 25% Mini, FailImmediateContinue, Overhead, Midi-note",2026-02-14 14:54:33,2cac3940801bbb6e,f7817f83ce0be4cf,1,0.0,0,33,badc6309-e9ad-448a-a770-693420911d1d,3ff8a74e-6dea-4cc0-a004-a551e3608d81,0,0,0,6,3,2,71,98,101,0,1,0,1,0.708333,0.540222,0.714286,0.0,0.670671,279.0,272,6,0,0,0,0,0,0
88,Songs/DDR A (more up to date)/KING/,Medium,dance-single,,Tier16,74842764,0.5797,119.99057,81,,,"C450, 25% Mini, FailImmediateContinue, Overhead, Midi-note",2026-02-14 14:59:08,efa9a15652015a30,f7817f83ce0be4cf,1,0.0,0,33,80ad88d5-8a99-4eac-ad41-5b71bc4d3ef4,c66eba7f-c858-41a9-a22c-b63f678976fa,0,0,0,19,7,7,117,149,140,0,0,6,0,0.658635,0.174747,0.745763,1.0,0.579775,470.0,413,59,6,0,0,0,0,0
89,Songs/DDR A (more up to date)/KING/,Medium,dance-single,,Tier15,77161997,0.6161,119.99057,121,,,"C455, 25% Mini, FailImmediateContinue, Overhead, Midi-note",2026-02-14 14:59:08,2cac3940801bbb6e,f7817f83ce0be4cf,1,0.0,0,33,80ad88d5-8a99-4eac-ad41-5b71bc4d3ef4,a8f67751-9063-4163-aec5-8032fb9ed439,0,0,0,22,2,6,92,152,165,0,0,6,0,0.708835,0.230482,0.762712,1.0,0.61618,472.0,415,53,6,0,0,0,0,0
90,Songs/DDR A (more up to date)/KING/,Medium,dance-single,,Tier17,69076820,0.5015,119.973801,78,,,"C450, 25% Mini, FailImmediateContinue, Overhead, Midi-note",2026-02-14 15:02:18,efa9a15652015a30,f7817f83ce0be4cf,1,0.0,0,33,6f1e5fd3-907b-4ccf-abc4-3b55e3808950,d1f1b548-7f92-43ed-a896-39b32d9c4088,0,0,0,21,5,6,168,158,81,0,0,5,1,0.554217,0.152605,0.644068,0.833333,0.501573,471.0,413,56,5,0,0,0,0,0
91,Songs/DDR A (more up to date)/KING/,Easy,dance-single,,Tier16,76390138,0.5637,119.973801,48,,,"C375, 25% Mini, FailImmediateContinue, Overhead, Midi-note",2026-02-14 15:02:18,2cac3940801bbb6e,f7817f83ce0be4cf,1,0.0,0,33,6f1e5fd3-907b-4ccf-abc4-3b55e3808950,d14d3614-5a44-4b18-a72d-c737833e1be8,0,0,0,17,0,2,56,111,79,0,0,0,0,0.685512,0.164743,0.722222,0.0,0.563774,266.0,248,16,0,0,0,0,0,0
92,Songs/[24] DDR A 20+/HyperTwist/,Medium,dance-single,,Tier13,82353648,0.7088,119.17263,83,,,"C450, 25% Mini, FailImmediateContinue, Overhead, Midi-note",2026-02-14 15:06:25,efa9a15652015a30,f7817f83ce0be4cf,1,0.0,0,33,21f4a792-b5f6-4ea9-a7d9-b0ad0e631a0e,886e3ab7-241a-44a7-a371-42cef4ace65d,0,0,0,8,12,5,50,143,173,0,1,14,0,0.816555,0.166018,0.910714,0.933333,0.708867,425.0,371,55,14,0,0,0,0,0
93,Songs/[24] DDR A 20+/HyperTwist/,Easy,dance-single,,Tier14,72910670,0.642,119.17263,224,,,"C350, 25% Mini, FailImmediateContinue, Overhead, Midi-note",2026-02-14 15:06:25,2cac3940801bbb6e,f7817f83ce0be4cf,1,0.0,0,33,21f4a792-b5f6-4ea9-a7d9-b0ad0e631a0e,320b2712-9539-4a04-ad31-b246c881e746,0,0,0,0,0,1,141,100,36,0,0,17,0,0.471154,0.678815,0.470588,1.0,0.642034,312.0,278,34,17,0,0,0,0,0
94,Songs/[24] DDR A 20+/HyperTwist/,Easy,dance-single,,Tier09,90279890,0.8569,119.139557,156,,,"C450, 25% Mini, FailImmediateContinue, Overhead, Midi-note",2026-02-14 15:09:09,efa9a15652015a30,f7817f83ce0be4cf,1,0.0,0,33,3e5b27f1-db64-4f50-aa12-889ba9ca2bcf,c6c5cd00-492a-4426-a3ea-e56ae5837f6a,0,0,0,0,2,0,35,84,157,0,0,17,0,0.852564,0.444019,0.852941,1.0,0.856949,310.0,276,34,17,0,0,0,0,0
95,Songs/[24] DDR A 20+/HyperTwist/,Medium,dance-single,,Failed,29702210,0.2758,82.508911,68,,,"C350, 25% Mini, FailImmediateContinue, Overhead, Midi-note",2026-02-14 15:09:09,2cac3940801bbb6e,f7817f83ce0be4cf,1,0.0,0,33,3e5b27f1-db64-4f50-aa12-889ba9ca2bcf,be8cc79c-41ad-472d-af1f-2e801b1afe03,0,0,0,58,6,2,126,107,92,0,0,15,0,0.519016,0.229171,0.75,1.0,0.275862,380.0,327,53,15,0,0,0,0,0
96,Songs/DDR A (more up to date)/DUAL STRIKER/,Medium,dance-single,,Tier13,83122122,0.7089,124.856018,122,,,"C450, 25% Mini, FailImmediateContinue, Overhead, Midi-note",2026-02-14 15:15:04,efa9a15652015a30,f7817f83ce0be4cf,1,0.0,0,33,1aad65e0-203f-455e-ae87-2f253bed12bc,f007f617-458d-4287-abcd-6b207486343c,0,0,0,9,9,4,119,170,217,0,0,21,0,0.728938,0.212704,0.777778,1.0,0.708925,527.0,511,18,21,0,0,0,0,0
97,Songs/DDR A (more up to date)/DUAL STRIKER/,Easy,dance-single,,Tier14,79775592,0.6788,124.856018,235,,,"C350, 25% Mini, FailImmediateContinue, Overhead, Midi-note",2026-02-14 15:15:04,2cac3940801bbb6e,f7817f83ce0be4cf,1,0.0,0,33,1aad65e0-203f-455e-ae87-2f253bed12bc,1ff9a391-7a33-4bda-a860-3f8db514937a,0,0,0,2,4,3,104,112,83,0,0,14,0,0.634375,0.743741,0.833333,1.0,0.678882,313.0,302,12,14,0,0,0,0,0
98,Songs/DDR A (more up to date)/glacia/,Easy,dance-single,,Tier16,80269330,0.583,117.747665,46,,,"C450, 25% Mini, FailImmediateContinue, Overhead, Midi-note",2026-02-14 15:18:56,efa9a15652015a30,f7817f83ce0be4cf,1,0.0,0,33,b4fc46bf-b8e8-4464-a7d4-ebf2a681db63,7880b9ca-3626-43aa-ab57-58aa145a1736,0,0,0,15,12,3,55,71,136,0,0,14,0,0.701639,0.124936,0.692308,1.0,0.583007,278.0,265,11,14,0,0,0,0,0
99,Songs/DDR A (more up to date)/glacia/,Easy,dance-single,,Tier13,85111512,0.7111,117.747665,142,,,"C350, 25% Mini, FailImmediateContinue, Overhead, Midi-note",2026-02-14 15:18:56,2cac3940801bbb6e,f7817f83ce0be4cf,1,0.0,0,33,b4fc46bf-b8e8-4464-a7d4-ebf2a681db63,f5cd77c4-97e1-4c01-a613-459404205f95,0,0,0,7,1,3,62,111,108,0,0,14,0,0.744262,0.477811,0.615385,1.0,0.711111,297.0,284,12,14,0,0,0,0,0
100,Songs/[24] DDR A 20+/HyperTwist/,Medium,dance-single,,Failed,2470810,0.0541,28.480278,38,,,"C450, 25% Mini, FailImmediateContinue, Overhead, Midi-note",2026-02-14 15:21:40,efa9a15652015a30,f7817f83ce0be4cf,1,0.0,0,33,47eee2de-02fc-44f9-a080-182b15bbc601,16e5fb41-2890-4b59-a80b-455e791f5e17,0,0,0,69,10,23,102,79,108,0,0,14,1,0.469799,0.13335,0.571429,0.933333,0.054187,358.0,315,43,14,0,0,0,0,0
101,Songs/[24] DDR A 20+/HyperTwist/,Medium,dance-single,,Tier15,74110465,0.633,119.12149,202,,,"C350, 25% Mini, FailImmediateContinue, Overhead, Midi-note",2026-02-14 15:21:40,2cac3940801bbb6e,f7817f83ce0be4cf,1,0.0,0,33,47eee2de-02fc-44f9-a080-182b15bbc601,5170a47c-cad7-4acc-ae64-9bbcec29914b,0,0,0,11,4,5,118,135,118,0,0,15,0,0.651007,0.516606,0.75,1.0,0.633005,429.0,376,53,15,0,0,0,0,0
102,Songs/DDR A (more up to date)/DUAL STRIKER/,Medium,dance-single,,Tier13,81044954,0.6976,124.855118,183,,,"C450, 25% Mini, FailImmediateContinue, Overhead, Midi-note",2026-02-14 15:25:47,efa9a15652015a30,f7817f83ce0be4cf,1,0.0,0,33,c7b7a112-16bf-4840-a9eb-81d2204f5c18,b40e283b-ecbc-4092-a36c-1b4f8e7cb179,0,0,0,14,5,10,114,145,240,0,0,21,0,0.736264,0.373671,0.944444,1.0,0.697632,527.0,509,18,21,0,0,0,0,0
103,Songs/DDR A (more up to date)/DUAL STRIKER/,Medium,dance-single,,Tier08,90043398,0.8604,124.855118,164,,,"m510, 25% Mini, FailImmediateContinue, Overhead, Midi-note",2026-02-14 15:25:47,2cac3940801bbb6e,f7817f83ce0be4cf,1,0.0,0,33,c7b7a112-16bf-4840-a9eb-81d2204f5c18,dd08ec49-5ae9-4eb7-a6ca-f648dfa80c75,0,0,0,5,1,3,49,125,345,0,0,21,0,0.891941,0.333324,1.0,1.0,0.860474,540.0,523,18,21,0,0,0,0,0
104,Songs/Touhou Fujinya ~ Touhou Pad Pack Rebirth (ITG)/Bad Apple!!/,Easy,dance-single,,Tier17,140919244,0.4989,218.597992,76,,,"C250, 25% Mini, FailImmediateContinue, Overhead, Midi-note",2026-02-14 15:30:23,efa9a15652015a30,f7817f83ce0be4cf,1,0.0,0,33,eb931cc6-7355-4283-aa74-c32b61d8d521,22dd763c-e80a-4042-a98f-e330348d8ead,0,0,0,12,10,14,83,76,86,0,0,2,0,0.576389,0.307317,0.857143,1.0,0.49894,265.0,259,7,2,0,0,0,0,0
105,Songs/Touhou Fujinya ~ Touhou Pad Pack Rebirth (ITG)/Bad Apple!!/,Easy,dance-single,,Failed,106765,0.0,30.014229,11,,,"C250, 25% Mini, FailImmediateContinue, Overhead, Midi-note",2026-02-14 15:30:23,2cac3940801bbb6e,f7817f83ce0be4cf,1,0.0,0,33,eb931cc6-7355-4283-aa74-c32b61d8d521,18b12b5a-e59e-4270-a7c1-c25172cf1bf3,0,0,0,115,35,25,57,22,27,0,0,2,0,0.180556,0.089743,0.142857,1.0,0.0,136.0,131,5,2,0,0,0,0,0
106,Songs/DDR WORLD/Hito mania/,Beginner,dance-single,,Tier12,79163882,0.7538,129.005875,33,,,"C250, 25% Mini, FailImmediateContinue, Overhead, Midi-note",2026-02-14 15:38:38,efa9a15652015a30,f7817f83ce0be4cf,1,0.0,0,33,4d2ee82b-e809-4e9b-aa26-a7b95c02fd70,ac5f51db-1e18-482e-ad65-c41e511d0995,0,0,0,0,0,3,24,25,32,0,0,7,0,0.686047,0.380469,1.0,1.0,0.753846,86.0,84,2,7,0,0,0,0,0
107,Songs/DDR WORLD/Hito mania/,Beginner,dance-single,,Tier17,65931643,0.5142,129.005875,14,,,"C250, 25% Mini, FailImmediateContinue, Overhead, Midi-note",2026-02-14 15:38:38,2cac3940801bbb6e,f7817f83ce0be4cf,1,0.0,0,33,4d2ee82b-e809-4e9b-aa26-a7b95c02fd70,bf3cad0d-84c2-4c5f-a890-cd7d1d511868,0,0,0,2,3,8,26,26,19,0,0,5,2,0.523256,0.166939,0.0,0.714286,0.514286,81.0,79,2,5,0,0,0,0,0
108,Songs/DDR WORLD/Heavy Rain/,Beginner,dance-single,,Tier15,78469652,0.6308,115.982834,59,,,"C250, 25% Mini, FailImmediateContinue, Overhead, Midi-note",2026-02-14 15:43:10,efa9a15652015a30,f7817f83ce0be4cf,1,0.0,0,33,2d30c2c2-b4a1-440e-af04-a8c518a26344,6f35245b-3f9d-44f1-a384-b777045725e6,0,0,0,1,5,2,36,37,36,0,0,6,0,0.61157,0.566271,0.25,1.0,0.630894,115.0,111,4,6,0,0,0,0,0
109,Songs/DDR WORLD/Heavy Rain/,Beginner,dance-single,,Tier17,59593447,0.3593,115.982834,11,,,"C250, 25% Mini, FailImmediateContinue, Overhead, Midi-note",2026-02-14 15:43:10,2cac3940801bbb6e,f7817f83ce0be4cf,1,0.0,0,33,2d30c2c2-b4a1-440e-af04-a8c518a26344,336c348f-0e29-426c-ae36-8b54823d8359,0,0,0,5,10,9,43,25,25,0,0,6,0,0.421488,0.072503,0.25,1.0,0.35935,105.0,102,3,6,0,0,0,0,0
110,Songs/DDR WORLD/Kyu-kurarin/,Beginner,dance-single,,Tier17,60008780,0.3684,120.638863,16,,,"C250, 25% Mini, FailImmediateContinue, Overhead, Midi-note",2026-02-14 15:46:02,efa9a15652015a30,f7817f83ce0be4cf,1,0.0,0,33,f8354707-062b-4358-aa85-360a4c86f044,fa8035e8-a934-4277-a671-14dfab1293dc,0,0,0,5,3,13,34,15,16,0,0,9,0,0.367816,0.223567,1.0,1.0,0.368421,79.0,78,1,9,0,0,0,0,0
111,Songs/DDR WORLD/Kyu-kurarin/,Beginner,dance-single,,Tier16,76462725,0.5957,120.638863,21,,,"C250, 25% Mini, FailImmediateContinue, Overhead, Midi-note",2026-02-14 15:46:02,2cac3940801bbb6e,f7817f83ce0be4cf,1,0.0,0,33,f8354707-062b-4358-aa85-360a4c86f044,24cb888f-6513-4f54-a638-bf9c7ecb9742,0,0,0,5,1,4,18,22,36,0,0,9,0,0.666667,0.270857,1.0,1.0,0.595789,81.0,80,1,9,0,0,0,0,0
112,Songs/DDR WORLD/Ohisashi chuukagai!/,Easy,dance-single,,Failed,3581980,0.0,39.859703,17,,,"C250, 25% Mini, FailImmediateContinue, Overhead, Midi-note",2026-02-14 15:49:55,efa9a15652015a30,f7817f83ce0be4cf,1,0.0,0,33,b3c791a8-d575-4a99-aaa4-a31a04df85f1,6adcd48b-16bd-4d4e-ae78-afc799b2a7c9,0,0,0,20,7,9,28,28,32,0,0,4,1,0.462687,0.109003,0.3,0.8,0.0,104.0,97,7,4,0,0,0,0,0
113,Songs/DDR WORLD/Ohisashi chuukagai!/,Beginner,dance-single,,Tier08,92807692,0.8871,115.818832,39,SingleDigitW3,,"C250, 25% Mini, FailImmediateContinue, Overhead, Midi-note",2026-02-14 15:49:55,2cac3940801bbb6e,f7817f83ce0be4cf,1,0.0,0,33,b3c791a8-d575-4a99-aaa4-a31a04df85f1,964fb42b-a7e6-4f5f-a21b-554ecb827178,0,0,0,0,0,0,2,16,21,0,0,0,0,0.948718,1.0,0.0,0.0,0.887179,39.0,39,0,0,0,0,0,0,0
114,Songs/DDR WORLD/Sign wa B -New Arrange Ver.-/,Easy,dance-single,,Tier13,83059980,0.6982,130.43692,35,,,"C250, 25% Mini, FailImmediateContinue, Overhead, Midi-note",2026-02-14 15:53:25,efa9a15652015a30,f7817f83ce0be4cf,1,0.0,0,33,84625ff1-5aa6-446b-a30d-b031e6084b50,4efd0200-cf64-4ad7-a1ad-c2edaf63600d,0,0,0,2,5,5,35,39,62,0,0,23,0,0.68,0.198617,0.5,1.0,0.698246,143.0,141,2,23,0,0,0,0,0
115,Songs/DDR WORLD/Sign wa B -New Arrange Ver.-/,Easy,dance-single,,Tier15,74543640,0.628,130.43692,33,,,"C250, 25% Mini, FailImmediateContinue, Overhead, Midi-note",2026-02-14 15:53:25,2cac3940801bbb6e,f7817f83ce0be4cf,1,0.0,0,33,84625ff1-5aa6-446b-a30d-b031e6084b50,4347baad-074b-4491-ae22-eee6b40b4df0,0,0,0,5,1,3,52,46,41,0,0,22,1,0.586667,0.192057,1.0,0.956522,0.62807,144.0,142,2,22,0,0,0,0,0
116,Songs/DDR WORLD/Kyu-kurarin/,Easy,dance-single,,Tier11,83563336,0.7956,120.648018,80,,,"C250, 25% Mini, FailImmediateContinue, Overhead, Midi-note",2026-02-14 15:57:29,efa9a15652015a30,f7817f83ce0be4cf,1,0.0,0,33,fafc5e42-df31-4766-aca3-843bc86fcf26,cf4dc847-48b7-481c-a3a5-d0449152e90f,0,0,0,0,1,3,39,47,69,0,0,27,0,0.720497,0.498878,0.5,1.0,0.795699,160.0,158,2,27,0,0,0,0,0
117,Songs/DDR WORLD/Kyu-kurarin/,Easy,dance-single,,Tier17,70745707,0.4903,120.648018,30,,,"C250, 25% Mini, FailImmediateContinue, Overhead, Midi-note",2026-02-14 15:57:29,2cac3940801bbb6e,f7817f83ce0be4cf,1,0.0,0,33,fafc5e42-df31-4766-aca3-843bc86fcf26,8595682c-f617-49ac-aa29-ae0686c87baf,0,0,0,14,3,3,46,35,58,0,2,24,1,0.583851,0.159915,0.5,0.888889,0.490323,144.0,143,2,24,0,0,0,0,0
118,Songs/DDR X/Taj He Spitz (Tommie Sunshine's Brooklyn Fire Re-Touch)/,Hard,dance-single,,Tier15,74488710,0.6311,101.001274,249,,,"C250, 25% Mini, FailImmediateContinue, Overhead, Midi-note",2026-02-14 16:05:08,efa9a15652015a30,f7817f83ce0be4cf,1,0.0,0,33,4286babe-695a-4faf-abc6-350184dd15ca,58744f35-c552-498d-aad5-0b6966676640,0,0,0,3,3,1,124,161,43,0,0,4,1,0.616188,0.622412,0.6875,0.8,0.631176,377.0,329,46,4,0,0,0,0,0
119,Songs/DDR A20 PLUS/BITTER CHOCOLATE STRIKER/,Hard,dance-single,,Failed,45184985,0.3353,119.805779,107,,,"C250, 25% Mini, FailImmediateContinue, Overhead, Midi-note",2026-02-14 16:07:56,efa9a15652015a30,f7817f83ce0be4cf,1,0.0,0,33,5254771b-568a-4f24-ae9e-8aa06dccbd74,b7ee8618-d6cc-4957-a3f0-338d3571ae20,0,0,0,60,20,28,193,165,94,0,0,9,0,0.458407,0.256617,0.2,1.0,0.335325,484.0,480,4,9,0,0,0,0,0
120,Songs/DDR EXTREME/BE LOVIN/,Medium,dance-single,,Tier14,75519204,0.6745,78.048882,135,,,"C480, 25% Mini, FailImmediateContinue, Overhead, Midi-note",2026-02-14 16:13:02,efa9a15652015a30,f7817f83ce0be4cf,1,0.0,0,33,860a2bfd-a13a-4269-a812-0d8c0f4fd9f2,a82304ea-68c5-4875-a0e2-b19b3990a58d,0,0,0,2,1,1,79,92,54,0,1,6,0,0.627049,0.538332,0.733333,0.857143,0.674576,241.0,226,15,6,0,0,0,0,0
121,Songs/DDR EXTREME/BE LOVIN/,Hard,dance-single,,Tier11,88095431,0.7941,78.048882,117,,,"C700, 25% Mini, Reverse, FailImmediateContinue, Overhead, Lambda",2026-02-14 16:13:02,2cac3940801bbb6e,f7817f83ce0be4cf,1,0.0,0,33,860a2bfd-a13a-4269-a812-0d8c0f4fd9f2,a87ed21d-49f1-4835-aaf7-397c2d6f2a22,0,0,0,6,3,3,21,101,170,0,1,5,0,0.887147,0.365154,0.8,0.833333,0.794194,310.0,296,13,5,0,0,0,0,0
122,Songs/Touhou Fujinya ~ Touhou Pad Pack Rebirth (ITG)/Ruins Super Express/,Hard,dance-single,,Failed,36886730,0.3764,105.257004,89,,,"C480, 25% Mini, FailImmediateContinue, Overhead, Midi-note",2026-02-14 16:16:53,efa9a15652015a30,f7817f83ce0be4cf,1,0.0,0,33,f28786f8-42b4-4164-aef6-be49068f00eb,a7c061e6-c43f-4c76-aed9-15b518959e44,0,0,0,54,7,8,148,173,144,0,0,9,0,0.591078,0.199632,1.0,1.0,0.376427,477.0,473,4,9,0,0,0,0,0
123,Songs/Touhou Fujinya ~ Touhou Pad Pack Rebirth (ITG)/Ruins Super Express/,Challenge,dance-single,,Failed,43693955,0.5233,104.157104,104,,,"C690, 25% Mini, Reverse, FailImmediateContinue, Overhead, Delta",2026-02-14 16:16:53,2cac3940801bbb6e,f7817f83ce0be4cf,1,0.0,0,33,f28786f8-42b4-4164-aef6-be49068f00eb,ddf0b0cc-a915-4241-a1d4-c6b56f78a8ba,14,0,0,37,14,9,62,137,400,0,0,14,0,0.814649,0.146177,1.0,1.0,0.523328,618.0,608,10,14,87,0,0,0,0
124,Songs/DDR WORLD/Bad youth awake/,Medium,dance-single,,Tier13,82783799,0.7187,119.227592,100,,,"C480, 25% Mini, FailImmediateContinue, Overhead, Midi-note",2026-02-14 16:21:45,efa9a15652015a30,f7817f83ce0be4cf,1,0.0,0,33,90fb4891-75d6-4099-af7d-f1ddcdafb157,6f542155-4638-4270-a6a6-512db416738b,0,0,0,3,5,4,48,80,96,0,1,18,1,0.716783,0.379181,0.84,0.9,0.71875,272.0,228,48,18,0,0,0,0,0
125,Songs/DDR WORLD/Bad youth awake/,Hard,dance-single,,Tier11,88036478,0.7885,119.227592,135,,,"5.4x, 25% Mini, FailImmediateContinue, Overhead, Midi-note",2026-02-14 16:21:45,2cac3940801bbb6e,f7817f83ce0be4cf,1,0.0,0,33,90fb4891-75d6-4099-af7d-f1ddcdafb157,86f914f2-e005-4b33-a4bf-c9072328635a,0,0,0,8,2,1,40,124,198,0,0,12,0,0.860674,0.295473,0.916667,1.0,0.788571,434.0,363,69,12,0,0,0,0,0
126,Songs/DDR A (more up to date)/DUAL STRIKER/,Medium,dance-single,,Tier16,73495834,0.5704,124.789185,104,,,"C430, 25% Mini, FailImmediateContinue, Overhead, Midi-note",2026-02-14 16:24:54,efa9a15652015a30,f7817f83ce0be4cf,1,0.0,0,33,a691035b-80af-4926-a371-c7f6111e3372,7bcf8542-5bcc-42df-a199-df2c591f8394,0,0,0,19,17,12,153,140,187,0,1,19,1,0.622711,0.238889,0.777778,0.904762,0.570492,509.0,492,18,19,0,0,0,0,0
127,Songs/DDR A (more up to date)/DUAL STRIKER/,Medium,dance-single,,Tier11,88247674,0.7992,124.789185,264,,,"3x, 25% Mini, FailImmediateContinue, Overhead, Midi-note",2026-02-14 16:24:54,2cac3940801bbb6e,f7817f83ce0be4cf,1,0.0,0,33,a691035b-80af-4926-a371-c7f6111e3372,783539ed-7169-4118-a02f-c8d66c8027c4,0,0,0,5,3,3,68,214,235,0,0,21,0,0.844322,0.429645,0.777778,1.0,0.799271,538.0,520,17,21,0,0,0,0,0
128,Songs/DDR ACE/Night of knights/,Medium,dance-single,,Failed,7675690,0.1089,45.497681,43,,,"C310, 25% Mini, FailImmediateContinue, Overhead, Midi-note",2026-02-14 16:30:19,efa9a15652015a30,f7817f83ce0be4cf,1,0.0,0,33,10c226be-be3e-44f9-a28e-4ae2c20911cf,88e24794-df76-4646-aa66-4ff2aa433644,0,0,0,57,3,10,101,88,141,0,0,2,0,0.579909,0.112993,0.631579,1.0,0.108955,376.0,345,29,2,0,0,0,0,0
129,Songs/DDR ACE/Night of knights/,Medium,dance-single,,Tier16,73280884,0.5512,117.557709,87,,,"C485, 25% Mini, FailImmediateContinue, Overhead, Midi-note",2026-02-14 16:30:19,2cac3940801bbb6e,f7817f83ce0be4cf,1,0.0,0,33,10c226be-be3e-44f9-a28e-4ae2c20911cf,0a583b9a-9169-4eba-a348-45c534adc4ff,0,0,0,23,5,7,103,112,150,0,0,2,0,0.652968,0.209211,0.868421,1.0,0.551244,410.0,373,35,2,0,0,0,0,0
130,Songs/DDR A/Night of knights/,Medium,dance-single,,Tier11,88751659,0.791,117.29142,145,,,"C430, 25% Mini, FailImmediateContinue, Overhead, Midi-note",2026-02-14 16:33:50,efa9a15652015a30,f7817f83ce0be4cf,1,0.0,0,33,490c8d35-5969-46a8-a81d-019e66db9e0e,2fbe8b6d-e580-467c-ac0c-525b38fbac42,0,0,0,4,2,3,45,180,166,0,0,2,0,0.872146,0.341112,0.947368,1.0,0.791045,432.0,395,37,2,0,0,0,0,0
131,Songs/DDR A/Night of knights/,Medium,dance-single,,Tier15,74074300,0.6228,117.29142,121,,,"C485, 25% Mini, FailImmediateContinue, Overhead, Midi-note",2026-02-14 16:33:50,2cac3940801bbb6e,f7817f83ce0be4cf,1,0.0,0,33,490c8d35-5969-46a8-a81d-019e66db9e0e,c2fbfac6-9dee-4a8a-ab10-893b6679996a,0,0,0,9,2,1,149,131,108,0,0,2,0,0.598173,0.276311,0.763158,1.0,0.622886,427.0,389,36,2,0,0,0,0,0
132,Songs/DDR A/Koishigure/,Easy,dance-single,,Failed,1227660,0.0,22.696053,18,,,"C430, 25% Mini, FailImmediateContinue, Overhead, Midi-note",2026-02-14 16:39:12,efa9a15652015a30,f7817f83ce0be4cf,1,0.0,0,33,6303d303-d03b-4edb-ae76-709bc7d842e3,decc8d9f-ab11-4784-ae53-2926ab5558ac,0,0,0,39,8,6,27,39,64,0,1,16,1,0.57513,0.062978,0.8,0.888889,0.0,146.0,137,9,16,0,0,0,0,0
133,Songs/DDR A/Koishigure/,Easy,dance-single,,Failed,1762205,0.0,26.263102,8,,,"C485, 25% Mini, FailImmediateContinue, Overhead, Midi-note",2026-02-14 16:39:12,2cac3940801bbb6e,f7817f83ce0be4cf,1,0.0,0,33,6303d303-d03b-4edb-ae76-709bc7d842e3,bc242a2c-893f-4598-a22b-2e3724772901,0,0,0,52,12,18,40,30,31,0,1,15,2,0.336788,0.062095,0.3,0.833333,0.0,128.0,124,8,15,0,0,0,0,0
134,Songs/Jubo 2023 OtakuVibes/Hana ni Natte [Kusuriya no Hitorigoto OP]/,Easy,dance-single,,Tier15,74747684,0.6088,95.414291,33,,,"C430, 25% Mini, FailImmediateContinue, Overhead, Midi-note",2026-02-14 16:42:19,efa9a15652015a30,f7817f83ce0be4cf,1,0.0,0,33,58117453-cd9b-4251-a3e7-46912b0aaedb,5f4f1fb4-3a15-4f67-a800-74fd3911c7f5,0,0,0,6,0,2,32,33,33,0,1,25,4,0.626087,0.349341,0.777778,0.833333,0.608824,109.0,100,9,25,0,0,0,0,0
135,Songs/Jubo 2023 OtakuVibes/Hana ni Natte [Kusuriya no Hitorigoto OP]/,Easy,dance-single,,Tier16,77555826,0.5985,95.414291,25,,,"C485, 25% Mini, FailImmediateContinue, Overhead, Midi-note",2026-02-14 16:42:19,2cac3940801bbb6e,f7817f83ce0be4cf,1,0.0,0,33,58117453-cd9b-4251-a3e7-46912b0aaedb,f8de3e03-0e70-4a63-a84f-5a80c04b9282,0,0,0,4,4,4,32,30,32,0,3,27,0,0.582609,0.228935,0.444444,0.9,0.598529,107.0,98,8,27,0,0,0,0,0
136,Songs/[23] DDR A20/BLACK JACKAL/,Hard,dance-single,,Tier16,73736683,0.5506,114.961067,62,,,"C695, 25% Mini, Reverse, FailImmediateContinue, Space, Delta",2026-02-14 16:47:21,efa9a15652015a30,f7817f83ce0be4cf,1,0.0,0,33,2c0ce7f8-cbcd-4f70-a424-d1f6ee8f5c0a,329e743a-832b-4863-aa7f-0a5deb164cf1,0,0,0,32,2,4,136,185,143,0,1,24,0,0.638838,0.149527,0.693878,0.96,0.550664,516.0,468,47,24,0,0,0,0,0
137,Songs/[23] DDR A20/BLACK JACKAL/,Easy,dance-single,,Failed,411200,0.0,20.270123,16,,,"C485, 25% Mini, FailImmediateContinue, Overhead, Midi-note",2026-02-14 16:47:21,2cac3940801bbb6e,f7817f83ce0be4cf,1,0.0,0,33,2c0ce7f8-cbcd-4f70-a424-d1f6ee8f5c0a,9f9c0f53-23f1-41b1-a795-413ca50f3c78,0,0,0,84,12,16,51,44,41,0,1,11,2,0.34749,0.104806,0.636364,0.785714,0.0,161.0,152,8,11,0,0,0,0,0
138,Songs/DDR 1st Mix to EXTREME/CAPTAIN JACK (GRANDALE REMIX)/,Hard,dance-single,,Tier10,91032018,0.8172,89.924248,107,,,"C695, 25% Mini, Reverse, FailImmediateContinue, Overhead, Delta",2026-02-14 16:50:37,efa9a15652015a30,f7817f83ce0be4cf,1,0.0,0,33,b06ceaa0-5633-412f-a032-f67a0bab3018,98a237f3-a3eb-4367-ac38-465525b2ac18,0,0,0,5,5,4,26,91,229,0,0,0,0,0.887468,0.248196,0.870968,0.0,0.817222,380.0,350,29,0,0,0,0,0,0
139,Songs/DDR 1st Mix to EXTREME/CAPTAIN JACK (GRANDALE REMIX)/,Easy,dance-single,,Failed,1294485,0.0,21.730146,33,,,"C485, 25% Mini, FailImmediateContinue, Overhead, Midi-note",2026-02-14 16:50:37,2cac3940801bbb6e,f7817f83ce0be4cf,1,0.0,0,33,b06ceaa0-5633-412f-a032-f67a0bab3018,f09c2bcf-85f8-4d21-a3d3-eb87244ac3c7,0,0,0,65,6,15,66,34,31,0,0,0,0,0.328063,0.139586,0.388889,0.0,0.0,180.0,150,32,0,0,0,0,0,0
140,Songs/DDR ACE/Night of knights/,Challenge,dance-single,,Failed,77915280,0.5966,110.742355,65,,,"C695, 25% Mini, Reverse, FailImmediateContinue, Overhead, Delta",2026-02-14 16:54:56,efa9a15652015a30,f7817f83ce0be4cf,1,0.0,0,33,b0268d96-8959-4d1f-a5f8-1ffdb0823e19,56bd7937-0be4-4d72-a762-03cc3bb9e3b2,0,0,0,42,25,8,82,183,372,0,0,11,0,0.772908,0.08634,0.634146,1.0,0.596681,681.0,647,32,11,0,0,0,0,0
141,Songs/DDR ACE/Night of knights/,Easy,dance-single,,Failed,983110,0.0,22.665098,12,,,"C485, 25% Mini, FailImmediateContinue, Overhead, Midi-note",2026-02-14 16:54:56,2cac3940801bbb6e,f7817f83ce0be4cf,1,0.0,0,33,b0268d96-8959-4d1f-a5f8-1ffdb0823e19,4ca34a8f-38f1-43a5-aab3-82870899766a,0,0,0,47,15,10,52,42,44,0,0,0,0,0.418182,0.038446,0.6,0.0,0.0,157.0,148,10,0,0,0,0,0,0
142,Songs/In The Groove 3 (ITG)/Tribe Attacker/,Challenge,dance-single,,Tier17,50255412,0.3403,107.862671,68,90PercentW3,,"C640, FailImmediateContinue, Overhead, Couples",2026-02-14 17:02:55,efa9a15652015a30,f7817f83ce0be4cf,1,0.0,0,33,1a204556-588b-41fb-a3a4-d0fc349732ff,f3dc7758-05f9-4e0f-a0d4-11ef74bed169,0,0,0,5,16,6,445,0,0,0,0,21,0,0.0,0.131233,0.0,1.0,0.340365,516.0,452,68,21,20,0,0,0,0
143,Songs/In The Groove 3 (ITG)/Tribe Attacker/,Medium,dance-single,,Tier17,51957243,0.3153,107.862671,58,90PercentW3,,"C485, 25% Mini, FailImmediateContinue, Overhead, Midi-note",2026-02-14 17:02:55,2cac3940801bbb6e,f7817f83ce0be4cf,1,0.0,0,33,1a204556-588b-41fb-a3a4-d0fc349732ff,fed1ff6b-e7cd-4e3b-a8ab-f52cbb68f5f9,0,0,0,13,2,2,250,0,0,0,0,26,0,0.0,0.167333,0.0,1.0,0.315358,297.0,254,42,26,0,0,0,0,0
144,Songs/DDR A20 PLUS/ANTI ANTHEM/,Medium,dance-single,,Tier17,53184821,0.3682,116.211945,82,90PercentW3,,"C695, Reverse, FailImmediateContinue, Overhead, Couples",2026-02-14 17:06:59,efa9a15652015a30,f7817f83ce0be4cf,1,0.0,0,33,87b6b9d1-9310-4520-a162-cdb2fc817b1c,4392a9e3-d65a-491f-ae23-73203b0d2dbc,0,0,0,9,12,5,347,0,0,0,2,57,2,0.0,0.172742,0.0,0.934426,0.368203,383.0,353,30,57,0,0,0,0,0
145,Songs/DDR A20 PLUS/ANTI ANTHEM/,Hard,dance-single,,Failed,2447885,0.024,36.287006,96,80PercentW3,,"3.15x, 25% Mini, FailImmediateContinue, Overhead, Midi-note",2026-02-14 17:06:59,2cac3940801bbb6e,f7817f83ce0be4cf,1,0.0,0,33,87b6b9d1-9310-4520-a162-cdb2fc817b1c,3eebbdf4-b36f-4ab6-aa72-dde32928ee09,0,0,0,43,8,12,492,0,0,0,0,75,2,0.0,0.232658,0.0,0.974026,0.024051,530.0,504,27,75,0,0,0,0,0
146,Songs/DDR A20 PLUS/Better Than Me/,Hard,dance-single,,Tier14,75266108,0.6529,110.795509,65,,,"C695, Reverse, Mirror, FailImmediateContinue, Overhead, Couples",2026-02-14 17:12:40,efa9a15652015a30,f7817f83ce0be4cf,1,0.0,0,33,5192543c-32b7-4886-a662-28cbd009e5dc,efa866fa-0c3b-4401-ad3f-f6f77238777b,0,0,0,15,18,11,92,141,232,0,0,24,0,0.744485,0.116456,0.714286,1.0,0.652908,511.0,477,33,24,0,0,0,0,0
147,Songs/DDR A20 PLUS/Better Than Me/,Hard,dance-single,,Tier10,88545727,0.8138,110.795509,175,,,"3.35x, 25% Mini, FailImmediateContinue, Overhead, Midi-note",2026-02-14 17:12:40,2cac3940801bbb6e,f7817f83ce0be4cf,1,0.0,0,33,5192543c-32b7-4886-a662-28cbd009e5dc,c1fb996f-829e-4dff-aedd-d6abd3bd03b0,0,0,0,10,1,4,40,175,279,0,0,24,0,0.887868,0.32359,0.885714,1.0,0.813884,532.0,498,33,24,0,0,0,0,0
148,Songs/DDR EXTREME/bag/,Hard,dance-single,,Tier14,79753552,0.6732,96.608795,79,,,"C630, Reverse, Mirror, FailImmediateContinue, Overhead, Couples",2026-02-14 17:15:55,efa9a15652015a30,f7817f83ce0be4cf,1,0.0,0,33,2f6ed7a1-b7d2-43f2-ab73-6526f9c75e7f,07ad10b1-4bf4-49e2-ac34-7e840a8c759b,0,0,0,14,12,8,40,94,214,0,0,0,0,0.806789,0.201318,1.0,0.0,0.673298,357.0,356,1,0,0,0,0,0,0
149,Songs/DDR EXTREME/bag/,Medium,dance-single,,Tier09,87816988,0.8451,96.608795,137,,,"C400, 25% Mini, FailImmediateContinue, Overhead, Midi-note",2026-02-14 17:15:55,2cac3940801bbb6e,f7817f83ce0be4cf,1,0.0,0,33,2f6ed7a1-b7d2-43f2-ab73-6526f9c75e7f,4966b16a-8eeb-4d96-a582-2b199b0505df,0,0,0,0,1,1,24,73,109,0,0,0,0,0.834646,0.545457,0.782609,0.0,0.845192,253.0,207,45,0,0,0,0,0,0
150,Songs/DDR 6th Mix/SO DEEP (PERFECT SPHERE REMIX)/,Medium,dance-single,,Tier17,62873877,0.5268,95.078972,116,,,"C550, Reverse, FailImmediateContinue, Overhead, Easyv2",2026-02-14 17:24:33,efa9a15652015a30,f7817f83ce0be4cf,1,0.0,0,33,3416bef6-239a-412f-a923-287e2edaec68,7748e81d-eecf-4eb6-aafd-ecc2ca0c1ee7,0,0,0,5,1,1,130,46,8,0,0,36,0,0.248,0.521414,0.355932,1.0,0.526872,242.0,185,59,36,0,0,0,0,0
151,Songs/DDR 6th Mix/SO DEEP (PERFECT SPHERE REMIX)/,Hard,dance-single,,Tier09,92037936,0.856,95.078972,208,,,"C400, 25% Mini, FailImmediateContinue, Overhead, Midi-note",2026-02-14 17:24:33,2cac3940801bbb6e,f7817f83ce0be4cf,1,0.0,0,33,3416bef6-239a-412f-a923-287e2edaec68,83dceea8-8e61-408c-a34a-f6f0f5c5a2a7,0,0,0,2,4,2,22,206,262,0,0,2,0,0.936,0.418698,1.0,1.0,0.856,494.0,492,2,2,0,0,0,0,0
152,Songs/DDR X3 VS 2nd Mix/UNBELIEVABLE (Sparky remix)/,Medium,dance-single,,Tier15,74800748,0.6087,113.604317,203,,,"C550, Reverse, FailImmediateContinue, Overhead, Easyv2",2026-02-14 17:28:56,efa9a15652015a30,f7817f83ce0be4cf,1,0.0,0,33,32f1bab0-7a0e-49c0-a672-d6487686f01c,16a900e3-dfb0-4212-a4d3-8a2978a38035,0,0,0,7,2,6,155,120,64,0,1,34,0,0.509284,0.491105,0.565217,0.971429,0.60874,368.0,345,23,34,0,0,0,0,0
153,Songs/DDR X3 VS 2nd Mix/UNBELIEVABLE (Sparky remix)/,Medium,dance-single,,Tier07,94205004,0.8904,113.604317,271,,,"C400, 25% Mini, FailImmediateContinue, Overhead, Midi-note",2026-02-14 17:28:56,2cac3940801bbb6e,f7817f83ce0be4cf,1,0.0,0,33,32f1bab0-7a0e-49c0-a672-d6487686f01c,84ff90ec-6791-42f3-a234-2c8ed84e2ec7,0,0,0,4,1,2,7,103,237,0,0,35,0,0.95756,0.644073,1.0,1.0,0.890488,372.0,349,23,35,0,0,0,0,0
154,Songs/DDR 6th Mix/MAX 300/,Medium,dance-single,,Failed,5580945,0.1156,29.499216,44,,,"C450, Reverse, FailImmediateContinue, Overhead, Easyv2",2026-02-14 17:32:27,efa9a15652015a30,f7817f83ce0be4cf,1,0.0,0,33,77996973-a36c-46c4-a9e6-1abdcf453dfb,1bfbe2d7-2000-456a-a810-343aba905621,0,0,0,88,3,7,76,67,132,0,0,31,6,0.53886,0.111949,0.538462,0.837838,0.11561,295.0,283,8,31,0,0,0,0,0
155,Songs/DDR 6th Mix/MAX 300/,Medium,dance-single,,Tier04,97966649,0.9712,92.276604,277,,,"C455, 25% Mini, FailImmediateContinue, Overhead, Midi-note",2026-02-14 17:32:27,2cac3940801bbb6e,f7817f83ce0be4cf,1,0.0,0,33,77996973-a36c-46c4-a9e6-1abdcf453dfb,2fabf01f-9532-4f7b-a6ea-147b8d8be6d4,0,0,0,0,1,1,2,37,332,0,0,37,0,0.989637,0.735501,1.0,1.0,0.97122,385.0,372,13,37,0,0,0,0,0
156,Songs/DDR WORLD/Get Into The Groove feat.WaMi/,Hard,dance-single,,Tier14,80795738,0.6515,119.543671,95,,,"3.9x, FailImmediateContinue, Overhead, Midi-solo",2026-02-14 17:37:04,efa9a15652015a30,f7817f83ce0be4cf,1,0.0,0,33,e69b6249-0a06-4d16-a4e8-34b3146b1052,ca12829d-e071-45ed-a71a-f9849bda101f,0,0,0,34,7,3,74,234,270,0,0,28,2,0.805556,0.144702,0.961538,0.933333,0.651534,606.0,582,26,28,0,0,0,0,0
157,Songs/DDR WORLD/Get Into The Groove feat.WaMi/,Medium,dance-single,,Tier15,72363532,0.6122,119.543671,79,,,"C430, 25% Mini, FailImmediateContinue, Overhead, Midi-note",2026-02-14 17:37:04,2cac3940801bbb6e,f7817f83ce0be4cf,1,0.0,0,33,e69b6249-0a06-4d16-a4e8-34b3146b1052,62bced46-53a3-4710-a68e-5f523975f7bc,0,0,0,9,8,8,105,108,125,0,4,8,1,0.640541,0.204317,0.857143,0.615385,0.612234,353.0,346,7,8,0,0,0,0,0
158,Songs/DDR Supernova 1 & 2/SUNKiSS DROP~Alison Side~/,Hard,dance-single,,Failed,7090,0.0,8.921012,249,,,"2.95x, FailImmediateContinue, Overhead, Midi-solo",2026-02-14 17:42:21,efa9a15652015a30,f7817f83ce0be4cf,1,0.0,0,33,cecaf7e3-087d-41b0-a8c1-8d15d14d2b63,7400cd0f-17b9-44b0-af38-7452817b8f5e,0,0,0,11,2,2,146,165,96,0,0,23,0,0.630045,0.578931,0.958333,1.0,0.0,433.0,409,24,23,0,0,0,0,0
159,Songs/DDR Supernova 1 & 2/SUNKiSS DROP~Alison Side~/,Hard,dance-single,,Tier14,72376782,0.6552,105.779846,314,,,"C425, 25% Mini, Stealth, Mirror, FailImmediateContinue, Overhead, Midi-note",2026-02-14 17:42:21,2cac3940801bbb6e,f7817f83ce0be4cf,1,0.0,0,33,cecaf7e3-087d-41b0-a8c1-8d15d14d2b63,e7b0cc89-93f1-4c00-ade8-e402091a53c2,0,0,0,0,0,1,198,168,55,0,0,23,0,0.524664,0.739704,0.583333,1.0,0.655281,446.0,422,24,23,0,0,0,0,0
160,Songs/DDR ACE/Night of knights/,Hard,dance-single,,Tier12,85199340,0.7364,117.572693,103,,,"m510, FailImmediateContinue, Overhead, Midi-solo",2026-02-14 17:50:13,efa9a15652015a30,f7817f83ce0be4cf,1,0.0,0,33,208d0cd4-a5d3-43b5-adad-6d31f40bfdd6,946c402e-547b-419a-afdd-75cd4e0fd4ed,0,0,0,16,3,1,101,196,286,0,0,11,0,0.791602,0.198277,0.7,1.0,0.736482,621.0,584,40,11,0,0,0,0,0
161,Songs/DDR ACE/Night of knights/,Medium,dance-single,,Tier12,85294138,0.7562,117.572693,112,,,"C425, 25% Mini, FailImmediateContinue, Overhead, Midi-note",2026-02-14 17:50:13,2cac3940801bbb6e,f7817f83ce0be4cf,1,0.0,0,33,208d0cd4-a5d3-43b5-adad-6d31f40bfdd6,98ea2de1-0f8e-4b20-a59a-c905cb67cbc5,0,0,0,4,12,3,56,107,218,0,0,2,0,0.812785,0.271729,0.605263,1.0,0.756219,422.0,385,38,2,0,0,0,0,0
162,Songs/DDR WORLD/Konran shoujo Soflan-chan!!/,Hard,dance-single,,Tier15,81780805,0.6268,122.327431,82,,,"2.15x, FailImmediateContinue, Overhead, Midi-solo",2026-02-14 17:54:41,efa9a15652015a30,f7817f83ce0be4cf,1,0.0,0,33,af69648b-102e-4790-a30e-8c11029b75e5,1fd165a1-19f2-4bf3-a70f-8e5cc47f2c74,0,0,0,29,8,9,138,143,273,0,0,34,0,0.685241,0.138665,0.6875,1.0,0.626814,626.0,563,60,34,0,0,0,0,0
163,Songs/DDR WORLD/Konran shoujo Soflan-chan!!/,Medium,dance-single,,Failed,2720,0.0,11.80302,70,,,"C425, 25% Mini, FailImmediateContinue, Overhead, Midi-note",2026-02-14 17:54:41,2cac3940801bbb6e,f7817f83ce0be4cf,1,0.0,0,33,af69648b-102e-4790-a30e-8c11029b75e5,6d981774-72aa-4f91-a680-3e1c057730c8,0,0,0,101,8,21,92,80,110,0,0,36,8,0.453745,0.15164,0.357143,0.818182,0.0,333.0,303,29,36,0,0,0,0,0
164,Songs/DDR A3/KING/,Easy,dance-single,,Tier12,86041708,0.723,120.201294,96,,,"2.15x, FailImmediateContinue, Overhead, Midi-solo",2026-02-14 17:58:08,efa9a15652015a30,f7817f83ce0be4cf,1,0.0,0,33,b4786cc5-1368-42ac-a09e-fad47610363b,cc5a9c0b-22f8-481b-ad32-e69af4addb75,0,0,0,9,1,3,39,71,142,0,0,0,0,0.798587,0.307738,0.833333,0.0,0.723019,271.0,255,18,0,0,0,0,0,0
165,Songs/DDR A3/KING/,Medium,dance-single,,Failed,50158500,0.4238,104.703712,109,,,"C425, 25% Mini, FailImmediateContinue, Overhead, Midi-note",2026-02-14 17:58:08,2cac3940801bbb6e,f7817f83ce0be4cf,1,0.0,0,33,b4786cc5-1368-42ac-a09e-fad47610363b,cfdb5c29-a05a-44b4-a734-72e15cbcc41a,0,0,0,60,4,11,93,110,161,0,0,6,0,0.630522,0.201917,0.745763,1.0,0.42382,430.0,381,55,6,0,0,0,0,0
166,Songs/DDR Supernova/RED ZONE/,Hard,dance-single,,Tier13,84181155,0.7117,93.28006,63,,,"C695, Reverse, FailImmediateContinue, Overhead, Couples yellow",2026-02-14 18:02:55,efa9a15652015a30,f7817f83ce0be4cf,1,0.0,0,33,8d2960e5-0fe3-43dd-ade3-1e69a99fd3ba,361a05dd-d9f6-460b-a776-b6691f7bcbae,0,0,0,6,14,4,41,127,165,0,0,8,0,0.822888,0.170215,1.0,1.0,0.711781,347.0,337,10,8,0,0,0,0,0
167,Songs/DDR Supernova/RED ZONE/,Hard,dance-single,,Tier15,75875910,0.6021,93.28006,91,,,"C440, 25% Mini, FailImmediateContinue, Overhead, Midi-note",2026-02-14 18:02:55,2cac3940801bbb6e,f7817f83ce0be4cf,1,0.0,0,33,8d2960e5-0fe3-43dd-ade3-1e69a99fd3ba,2f83de17-7d9a-4f92-acdd-de37b7e45a82,0,0,0,23,2,11,58,84,179,0,0,8,0,0.73842,0.242917,0.7,1.0,0.602192,342.0,332,10,8,0,0,0,0,0
168,Songs/DDR X2/roppongi EVOLVED ver. D/,Hard,dance-single,,Failed,14861310,0.2434,60.67992,46,,,"3.95x, Reverse, FailImmediateContinue, Overhead, Couples yellow",2026-02-14 18:10:04,efa9a15652015a30,f7817f83ce0be4cf,1,0.0,0,33,5999d0e8-8a9d-4a28-ade1-25bda2746b03,65cd8694-43cb-4c4d-a3b1-28387ba66eb5,0,0,0,226,13,14,43,80,164,0,0,13,9,0.454861,0.100811,0.527778,0.590909,0.243416,329.0,303,26,13,0,0,0,0,0
169,Songs/DDR X2/roppongi EVOLVED ver. D/,Hard,dance-single,,Tier04,99384843,0.9786,114.974121,381,,,"4x, 53% Mini, FailImmediateContinue, Overhead, Midi-routine-p2",2026-02-14 18:10:04,2cac3940801bbb6e,f7817f83ce0be4cf,1,0.0,0,33,5999d0e8-8a9d-4a28-ade1-25bda2746b03,fe66aaa4-9b1d-4652-a389-7c7c5bd90d47,0,0,0,1,2,0,1,18,518,0,0,22,0,0.991319,0.682285,1.0,1.0,0.978648,573.0,537,36,22,0,0,0,0,0
170,Songs/In The Groove 2 (ITG)/Summer ~Speedy Mix~/,Hard,dance-single,,Tier15,77455937,0.6004,109.211662,44,,,"C670, Reverse, FailImmediateContinue, Overhead, Couples yellow",2026-02-14 18:15:21,efa9a15652015a30,f7817f83ce0be4cf,1,0.0,0,33,726f7ae2-7d55-4e0a-af82-dbe557440e15,0c6f3ef5-28ef-4080-ad11-0a2dd33bab7c,1,0,0,26,0,18,105,120,204,0,0,14,0,0.706994,0.075242,0.821429,1.0,0.600411,503.0,449,54,14,2,0,0,0,0
171,Songs/In The Groove 2 (ITG)/Summer ~Speedy Mix~/,Challenge,dance-single,,Failed,17536045,0.3577,57.849297,334,,,"3.8x, 52% Mini, FailImmediateContinue, Overhead, Midi-routine-p2",2026-02-14 18:15:21,2cac3940801bbb6e,f7817f83ce0be4cf,1,0.0,0,33,726f7ae2-7d55-4e0a-af82-dbe557440e15,25cf69e5-4eef-4494-a428-8f8fc70aa75b,0,0,0,261,0,1,11,87,407,0,0,48,0,0.653941,0.455824,0.8,1.0,0.357791,543.0,507,37,48,43,3,0,0,0
172,Songs/Jubo 2020 OtakuVibes/Yoru ni Kakeru [YOASOBI][200821]/,Medium,dance-single,,Failed,1344875,0.0098,40.257908,6,,,"C400, FailImmediateContinue, Overhead, Couples yellow",2026-02-14 18:24:27,efa9a15652015a30,f7817f83ce0be4cf,1,0.0,0,33,6b080eb1-0ca8-419e-a844-c7b0c2f14571,45dfaa2e-840c-4d97-a071-a0dac416f26d,0,0,0,292,0,46,102,41,48,0,2,18,1,0.1787,0.012821,0.28,0.857143,0.009818,260.0,241,18,18,0,0,0,0,0
173,Songs/Jubo 2020 OtakuVibes/Yoru ni Kakeru [YOASOBI][200821]/,Medium,dance-single,,Failed,7122815,0.0727,66.554741,48,,,"C400, 52% Mini, FailImmediateContinue, Overhead, Midi-routine-p2",2026-02-14 18:24:27,2cac3940801bbb6e,f7817f83ce0be4cf,1,0.0,0,33,6b080eb1-0ca8-419e-a844-c7b0c2f14571,dfbaa265-1d98-4c9e-a439-aaf8812ac742,0,0,0,72,0,21,125,120,191,0,1,17,3,0.581227,0.080841,0.44,0.809524,0.072727,481.0,461,20,17,0,0,0,0,0
174,Songs/Jubo 2021 OtakuVibes/LOST IN PARADISE [Jujutsu Kaisen ED][210120]/,Medium,dance-single,,Failed,1030275,0.0,18.234953,10,,,"C400, FailImmediateContinue, Overhead, Couples yellow",2026-02-14 18:27:07,efa9a15652015a30,f7817f83ce0be4cf,1,0.0,0,33,b186f0fc-f454-4413-a054-4b9a594e4441,cdd605fb-186e-497a-adf3-59a936aca1cd,0,0,0,77,0,16,43,19,21,0,0,21,5,0.24,0.043593,0.333333,0.807692,0.0,121.0,103,17,21,0,0,0,0,0
175,Songs/Jubo 2021 OtakuVibes/LOST IN PARADISE [Jujutsu Kaisen ED][210120]/,Medium,dance-single,,Tier17,72527841,0.4554,95.414413,45,,,"C400, 52% Mini, FailImmediateContinue, Overhead, Midi-routine-p2",2026-02-14 18:27:07,2cac3940801bbb6e,f7817f83ce0be4cf,1,0.0,0,33,b186f0fc-f454-4413-a054-4b9a594e4441,a841fc69-5acf-42d0-a4c0-2ac3414cdd23,0,0,0,20,0,7,38,51,60,0,0,24,2,0.63,0.210615,0.541667,0.923077,0.455446,176.0,157,15,24,0,0,0,0,0
176,Songs/[23] DDR A20/Clarity/,Medium,dance-single,,Failed,474355,0.0,25.747129,12,,,"C400, FailImmediateContinue, Overhead, Couples yellow",2026-02-14 18:29:55,efa9a15652015a30,f7817f83ce0be4cf,1,0.0,0,33,c4f2f436-3e72-4903-ad67-2b6de6e4d733,334b749e-556e-4aba-ab85-45a75ce385f7,0,0,0,90,0,8,37,16,31,0,2,9,13,0.264706,0.05631,0.318182,0.375,0.0,110.0,98,17,9,0,0,0,0,0
177,Songs/[23] DDR A20/Clarity/,Medium,dance-single,,Tier16,74229073,0.5902,111.23983,60,,,"C400, 52% Mini, FailImmediateContinue, Overhead, Midi-routine-p2",2026-02-14 18:29:55,2cac3940801bbb6e,f7817f83ce0be4cf,1,0.0,0,33,c4f2f436-3e72-4903-ad67-2b6de6e4d733,1fb1ddff-4d90-4e1c-a32c-a7bec3158db9,0,0,0,15,0,7,26,39,95,0,0,21,3,0.710784,0.329207,0.636364,0.875,0.590291,189.0,169,22,21,0,0,0,0,0
178,Songs/DDR A (more up to date)/DUAL STRIKER/,Medium,dance-single,,Tier17,68285584,0.4877,124.776138,66,,,"m430, FailImmediateContinue, Overhead, Midi-note",2026-02-14 18:33:57,efa9a15652015a30,f7817f83ce0be4cf,1,0.0,0,33,6ba7be87-8d94-490a-a96c-f0cb4864c83b,e7ed51a3-0626-411c-a928-1abfec51a87a,0,0,0,29,16,24,158,143,158,0,0,21,0,0.571429,0.151029,0.444444,1.0,0.487796,499.0,483,17,21,0,0,0,0,0
179,Songs/DDR A (more up to date)/DUAL STRIKER/,Medium,dance-single,,Failed,56635,0.0,17.95207,6,,,"C400, 52% Mini, FailImmediateContinue, Overhead, Midi-routine-p2",2026-02-14 18:33:57,2cac3940801bbb6e,f7817f83ce0be4cf,1,0.0,0,33,6ba7be87-8d94-490a-a96c-f0cb4864c83b,03ea0575-12ed-45e0-ad1c-abd7fb147fe0,0,0,0,319,35,29,93,24,28,0,0,17,4,0.104396,0.014325,0.166667,0.809524,0.0,182.0,175,7,17,0,0,0,0,0
180,Songs/Jubo 2021 OtakuVibes/LOST IN PARADISE [Jujutsu Kaisen ED][210120]/,Easy,dance-single,,Failed,67355,0.0,20.79694,3,,,"m430, FailImmediateContinue, Overhead, Midi-note",2026-02-14 18:38:17,efa9a15652015a30,f7817f83ce0be4cf,1,0.0,0,33,31ea8976-a75f-44e0-aa28-fa2f105d1d75,9e2e1313-fb5d-4e2d-ae93-27d9ef034fb5,0,0,0,58,6,8,15,9,4,0,0,8,16,0.152542,0.022725,0.222222,0.333333,0.0,44.0,43,7,8,0,0,0,0,0
181,Songs/Jubo 2021 OtakuVibes/LOST IN PARADISE [Jujutsu Kaisen ED][210120]/,Easy,dance-single,,Tier17,61461888,0.3193,95.512985,24,,,"C400, 52% Mini, FailImmediateContinue, Overhead, Midi-routine-p2",2026-02-14 18:38:17,2cac3940801bbb6e,f7817f83ce0be4cf,1,0.0,0,33,31ea8976-a75f-44e0-aa28-fa2f105d1d75,f65e2ff2-c51a-4537-ac4f-ed691dbdc3d0,0,0,0,11,5,5,44,13,22,0,0,22,2,0.322034,0.204557,0.222222,0.916667,0.319355,97.0,87,15,22,0,0,0,0,0
182,Songs/Jubo 2021 OtakuVibes/Long shot [Re Zero kara Hajimeru Isekai Seikatsu 2nd Season OP2][210215]/,Easy,dance-single,,Failed,3210160,0.0,35.404987,14,,,"m430, FailImmediateContinue, Overhead, Midi-note",2026-02-14 18:41:44,efa9a15652015a30,f7817f83ce0be4cf,1,0.0,0,33,dd90d94e-c71f-4aa9-a30c-45fc5cd77a10,847d6eb5-c63d-46b8-a6a9-53bdf79de11d,0,0,0,20,10,5,34,20,11,0,0,9,5,0.301887,0.125088,0.5,0.642857,0.0,74.0,71,4,9,0,0,0,0,0
183,Songs/Jubo 2021 OtakuVibes/Long shot [Re Zero kara Hajimeru Isekai Seikatsu 2nd Season OP2][210215]/,Medium,dance-single,,Failed,221370,0.0,16.956984,5,,,"C400, 52% Mini, FailImmediateContinue, Overhead, Midi-routine-p2",2026-02-14 18:41:44,2cac3940801bbb6e,f7817f83ce0be4cf,1,0.0,0,33,dd90d94e-c71f-4aa9-a30c-45fc5cd77a10,be37c8a6-9b41-4bd7-af1c-2007fc26d556,0,0,0,137,13,9,23,3,6,0,0,21,14,0.050251,0.020326,0.0,0.6,0.0,44.0,41,2,21,0,0,0,0,0
184,Songs/Jubo 2021 OtakuVibes/Monoqlo City [Koikimo OP][210505]/,Easy,dance-single,,Tier16,70597974,0.568,93.695305,47,,,"m430, FailImmediateContinue, Overhead, Midi-note",2026-02-14 18:43:53,efa9a15652015a30,f7817f83ce0be4cf,1,0.0,0,33,3e87e076-de1e-4625-a136-20a2a63fb299,ae028c6b-5840-4ca6-ac60-375167f0fc06,0,0,0,4,2,2,24,24,37,0,2,3,2,0.646465,0.460135,0.333333,0.428571,0.568,92.0,87,5,3,0,0,0,0,0
185,Songs/Jubo 2021 OtakuVibes/Monoqlo City [Koikimo OP][210505]/,Easy,dance-single,,Tier16,74879211,0.56,93.695305,29,,,"C400, 52% Mini, FailImmediateContinue, Overhead, Midi-routine-p2",2026-02-14 18:43:53,2cac3940801bbb6e,f7817f83ce0be4cf,1,0.0,0,33,3e87e076-de1e-4625-a136-20a2a63fb299,02c9be23-eeac-487e-a2bd-04798c0b6510,0,0,0,4,2,6,23,31,27,0,0,7,0,0.606061,0.281049,0.666667,1.0,0.56,92.0,87,6,7,0,0,0,0,0
186,Songs/DDR ACE/ENDYMION/,Easy,dance-single,,Tier12,79264998,0.7287,123.878365,104,,,"C670, Reverse, FailImmediateContinue, Overhead, Couples",2026-02-14 18:49:58,efa9a15652015a30,f7817f83ce0be4cf,1,0.0,0,33,5843264a-2962-447c-ad42-6e4b4e2fdab3,8efd6aee-b6f4-4080-a843-4fe32824ced9,0,0,0,8,7,11,88,134,225,0,0,18,0,0.762548,0.190987,0.777778,1.0,0.728717,502.0,458,44,18,0,0,0,0,0
187,Songs/DDR ACE/ENDYMION/,Easy,dance-single,,Tier16,76691779,0.5833,123.878365,60,,,"1.45x, 52% Mini, FailImmediateContinue, Overhead, Midi-note",2026-02-14 18:49:58,2cac3940801bbb6e,f7817f83ce0be4cf,1,0.0,0,33,5843264a-2962-447c-ad42-6e4b4e2fdab3,d3bd8c76-fee4-4128-a35c-74fc996ec395,0,0,0,21,9,24,105,127,187,0,1,17,0,0.671815,0.092009,0.822222,0.944444,0.583299,488.0,444,45,17,0,0,0,0,0
188,Songs/DDR WORLD/THUNDERSTRIKE/,Medium,dance-single,,Tier11,84987099,0.7896,123.372467,125,,,"C645, Reverse, FailImmediateContinue, Overhead, Couples",2026-02-14 18:53:23,efa9a15652015a30,f7817f83ce0be4cf,1,0.0,0,33,c19cb828-cf99-4307-a210-da1f9697b266,b46dc497-5166-42d5-ac5a-33c2139a6ef2,0,0,0,5,4,4,68,113,220,0,0,29,0,0.811364,0.29897,1.0,1.0,0.789616,430.0,406,26,29,0,0,0,0,0
189,Songs/DDR WORLD/THUNDERSTRIKE/,Hard,dance-single,,Tier14,79486310,0.6544,123.372467,77,,,"3.35x, FailImmediateContinue, Overhead, Midi-note",2026-02-14 18:53:23,2cac3940801bbb6e,f7817f83ce0be4cf,1,0.0,0,33,c19cb828-cf99-4307-a210-da1f9697b266,7a032a21-2129-47ee-ad36-2d1db3225300,0,0,0,35,4,13,94,132,347,0,0,22,0,0.760369,0.123109,0.846154,1.0,0.654405,612.0,586,25,22,0,0,0,0,0
190,Songs/DDR WORLD/Steps for Victory/,Medium,dance-single,,Tier16,75133588,0.5701,127.005089,74,,,"1.35x, 23% Mini, FailImmediateContinue, Overhead, Midi-note",2026-02-14 18:57:26,2cac3940801bbb6e,f7817f83ce0be4cf,1,0.0,0,33,052bcc9c-64dc-4b2b-ab97-b9289be45cd4,24747d3e-354f-4c5e-a52e-c14bf863dcf0,0,0,0,35,11,14,125,140,248,0,0,35,2,0.675084,0.180301,0.619048,0.945946,0.570164,546.0,527,19,35,0,0,0,0,0
191,Songs/DDR WORLD/Funky Flux Fusion/,Easy,dance-single,,Failed,4283735,0.008,37.66394,37,,,"C645, Reverse, FailImmediateContinue, Overhead, Midi-note",2026-02-14 19:01:21,efa9a15652015a30,f7817f83ce0be4cf,1,0.0,0,33,9041e657-6bda-4cc0-aaa8-7d956f5bdde3,b5d5c372-52d2-49ec-a36e-35a9c721e7ab,0,0,0,20,13,9,80,43,30,0,1,2,1,0.382353,0.144028,0.444444,0.5,0.00804,169.0,163,7,2,0,0,0,0,0
192,Songs/DDR WORLD/Funky Flux Fusion/,Hard,dance-single,,Tier11,85024485,0.7643,116.890854,178,,,"3.35x, 23% Mini, FailImmediateContinue, Overhead, Midi-note",2026-02-14 19:01:21,2cac3940801bbb6e,f7817f83ce0be4cf,1,0.0,0,33,9041e657-6bda-4cc0-aaa8-7d956f5bdde3,8bec8b7b-7d4c-46d3-a3a5-919e2769cf62,0,0,0,11,5,1,115,162,325,0,0,21,0,0.787879,0.293747,0.875,1.0,0.764375,611.0,603,8,21,0,0,0,0,0
193,Songs/DDR WORLD/Gravity Collapse/,Easy,dance-single,,Tier13,81490117,0.7173,119.53849,44,,,"C330, Reverse, FailImmediateContinue, Overhead, Midi-note",2026-02-14 19:04:27,efa9a15652015a30,f7817f83ce0be4cf,1,0.0,0,33,14a98096-42b1-44ca-ac2f-56aefb787305,eb0828eb-bbaf-40c5-ac8a-dac2b92ca44f,0,0,0,4,2,3,39,55,63,0,0,30,0,0.685714,0.275656,0.666667,1.0,0.717347,168.0,160,8,30,0,0,0,0,0
194,Songs/DDR WORLD/Gravity Collapse/,Challenge,dance-single,,Failed,166935,0.0,11.81401,113,,,"1.85x, 23% Mini, FailImmediateContinue, Overhead, Midi-note",2026-02-14 19:04:27,2cac3940801bbb6e,f7817f83ce0be4cf,1,0.0,0,33,14a98096-42b1-44ca-ac2f-56aefb787305,3b4bed64-0bca-43dc-a75e-e2f05e37f0be,0,0,0,27,10,17,136,147,215,0,0,68,1,0.655417,0.231741,0.818182,0.985507,0.0,524.0,515,10,68,0,0,0,0,0
195,Songs/DDR WORLD/Time to HYPERDRIVE/,Hard,dance-single,,Tier04,97810329,0.9707,120.111526,423,,,"m690, 35% Mini, Reverse, FailImmediateContinue, Overhead, Midi-note",2026-02-14 19:10:52,efa9a15652015a30,f7817f83ce0be4cf,1,0.0,0,33,39dd13ff-2d88-431b-a7c8-22928747848d,20673f81-b280-4ab7-a1be-29ac40f07463,0,0,0,1,0,0,9,48,534,0,0,38,0,0.984202,0.703934,1.0,1.0,0.970794,632.0,591,41,38,0,0,0,0,0
196,Songs/DDR X2/roppongi EVOLVED ver. D/,Hard,dance-single,,Tier05,97407450,0.9562,114.478973,317,,,"4.05x, 35% Mini, FailImmediateContinue, Overhead, Midi-note",2026-02-14 19:14:32,efa9a15652015a30,f7817f83ce0be4cf,1,0.0,0,33,fc8a6aca-77c1-4619-a8cc-d9c89c47f40a,0f098c96-4f56-4068-afd6-606473354e37,0,0,0,4,0,0,5,40,491,0,0,22,0,0.984375,0.540171,1.0,1.0,0.956228,572.0,536,36,22,0,0,0,0,0
